time,well_pump,new_fridge,water_heater,old_fridge
02/11/2021 12:54:36 PM,0.037,0.501,0.147,0.684
02/11/2021 12:55:36 PM,0.037,0.501,0.122,0.684
02/11/2021 12:56:36 PM,0.037,0.501,0.147,0.684
02/11/2021 12:57:36 PM,0.073,0.501,0.098,0.684
02/11/2021 12:58:36 PM,0.049,0.501,0.122,0.684
02/11/2021 12:59:36 PM,0.061,0.501,0.098,0.684
02/11/2021 01:00:36 PM,0.061,0.501,0.098,0.684
02/11/2021 01:01:36 PM,0.061,0.549,0.098,0.684
02/11/2021 01:02:36 PM,0.049,0.476,0.122,0.684
02/11/2021 01:03:36 PM,0.049,0.513,0.122,0.684
02/11/2021 01:04:36 PM,0.061,0.476,0.122,0.684
02/11/2021 01:05:36 PM,0.049,0.513,0.122,0.684
02/11/2021 01:06:36 PM,0.049,0.513,0.098,0.684
02/11/2021 01:07:36 PM,0.049,0.549,0.122,0.684
02/11/2021 01:08:36 PM,0.049,0.488,0.098,0.684
02/11/2021 01:09:36 PM,0.049,0.525,0.122,0.684
02/11/2021 01:10:36 PM,0.061,0.525,0.122,0.684
02/11/2021 01:11:36 PM,0.049,0.525,0.122,0.684
02/11/2021 01:12:36 PM,0.061,0.525,0.098,0.684
02/11/2021 01:13:36 PM,0.061,5.287,0.122,0.684
02/11/2021 01:14:36 PM,0.061,5.177,0.122,0.684
02/11/2021 01:15:36 PM,0.061,5.165,0.122,0.684
02/11/2021 01:16:36 PM,0.061,5.165,0.122,0.659
02/11/2021 01:17:36 PM,0.061,5.177,0.122,0.684
02/11/2021 01:18:36 PM,0.061,5.165,0.122,0.684
02/11/2021 01:19:36 PM,0.061,5.153,0.122,0.684
02/11/2021 01:20:36 PM,0.061,5.140,0.147,0.684
02/11/2021 01:21:36 PM,0.061,5.116,0.122,0.684
02/11/2021 01:22:36 PM,0.061,5.128,0.122,0.684
02/11/2021 01:23:36 PM,0.049,5.165,0.122,0.684
02/11/2021 01:24:36 PM,0.049,5.226,0.122,0.684
02/11/2021 01:25:36 PM,0.061,5.128,0.122,0.684
02/11/2021 01:26:36 PM,0.049,5.153,0.122,0.684
02/11/2021 01:27:36 PM,0.061,5.165,0.122,0.659
02/11/2021 01:28:36 PM,0.061,5.153,0.122,0.684
02/11/2021 01:29:36 PM,0.061,5.153,0.122,0.684
02/11/2021 01:30:36 PM,0.061,5.140,0.122,0.684
02/11/2021 01:31:36 PM,0.049,5.092,0.122,0.684
02/11/2021 01:32:36 PM,0.061,5.153,0.122,0.684
02/11/2021 01:33:36 PM,0.061,5.153,0.122,0.659
02/11/2021 01:34:36 PM,0.061,5.140,0.122,0.659
02/11/2021 01:35:36 PM,0.061,1.331,0.122,0.659
02/11/2021 01:36:36 PM,0.061,0.061,0.098,0.659
02/11/2021 01:37:36 PM,0.061,0.049,0.098,0.684
02/11/2021 01:38:36 PM,0.061,0.024,0.122,0.684
02/11/2021 01:39:36 PM,0.061,0.037,0.098,0.684
02/11/2021 01:40:36 PM,0.073,0.037,0.098,0.659
02/11/2021 01:41:36 PM,0.061,0.037,0.098,0.659
02/11/2021 01:42:36 PM,0.061,0.049,0.098,0.684
02/11/2021 01:43:36 PM,0.061,0.037,0.098,0.684
02/11/2021 01:44:36 PM,0.061,0.037,0.098,0.684
02/11/2021 01:45:36 PM,0.061,0.049,0.098,0.684
02/11/2021 01:46:36 PM,0.061,0.049,0.122,0.659
02/11/2021 01:47:36 PM,0.061,0.024,0.098,0.659
02/11/2021 01:48:36 PM,0.061,0.024,0.098,0.684
02/11/2021 01:49:36 PM,0.061,0.037,0.098,0.684
02/11/2021 01:50:36 PM,0.073,0.037,0.098,0.684
02/11/2021 01:51:36 PM,0.061,0.830,0.122,0.684
02/11/2021 01:52:36 PM,0.061,0.757,0.098,0.684
02/11/2021 01:53:36 PM,0.073,0.818,0.098,0.659
02/11/2021 01:54:36 PM,0.049,0.842,0.122,0.684
02/11/2021 01:55:36 PM,0.061,0.842,0.098,0.708
02/11/2021 01:56:36 PM,0.061,0.818,0.098,0.684
02/11/2021 01:57:36 PM,0.061,0.794,0.122,0.659
02/11/2021 01:58:36 PM,0.049,0.794,0.122,0.073
02/11/2021 01:59:36 PM,0.073,0.794,0.098,0.073
02/11/2021 02:00:36 PM,0.061,0.769,0.122,0.049
02/11/2021 02:01:36 PM,0.049,0.769,0.098,0.049
02/11/2021 02:02:36 PM,0.061,0.769,0.098,0.049
02/11/2021 02:03:36 PM,0.061,0.757,0.098,0.049
02/11/2021 02:04:36 PM,0.061,0.757,0.098,0.073
02/11/2021 02:05:36 PM,0.061,0.757,0.098,0.073
02/11/2021 02:06:36 PM,0.073,0.745,0.098,0.073
02/11/2021 02:07:36 PM,0.061,0.757,0.122,0.073
02/11/2021 02:08:36 PM,0.049,0.757,0.098,0.049
02/11/2021 02:09:36 PM,0.061,0.733,0.098,0.049
02/11/2021 02:10:36 PM,0.061,1.954,0.122,0.073
02/11/2021 02:11:36 PM,0.061,1.978,0.122,0.049
02/11/2021 02:12:36 PM,0.061,0.757,0.122,0.049
02/11/2021 02:13:36 PM,0.061,0.745,0.098,0.049
02/11/2021 02:14:36 PM,0.061,0.720,0.098,0.049
02/11/2021 02:15:36 PM,0.073,0.842,0.122,0.073
02/11/2021 02:16:36 PM,0.061,0.830,0.098,0.049
02/11/2021 02:17:36 PM,0.061,0.818,0.098,0.049
02/11/2021 02:18:36 PM,0.061,0.830,0.098,0.049
02/11/2021 02:19:36 PM,0.049,0.830,0.098,0.049
02/11/2021 02:20:36 PM,0.073,0.830,0.122,0.073
02/11/2021 02:21:36 PM,0.073,0.818,0.098,0.049
02/11/2021 02:22:36 PM,0.061,0.830,0.122,0.073
02/11/2021 02:23:36 PM,0.061,0.806,0.098,0.073
02/11/2021 02:24:36 PM,0.061,0.806,0.098,0.073
02/11/2021 02:25:36 PM,0.061,0.818,0.098,0.049
02/11/2021 02:26:36 PM,0.061,0.806,0.098,0.073
02/11/2021 02:27:36 PM,0.073,0.806,0.098,0.073
02/11/2021 02:28:36 PM,0.073,0.806,0.098,0.049
02/11/2021 02:29:36 PM,0.073,0.806,0.098,0.073
02/11/2021 02:30:36 PM,0.061,0.794,0.122,0.073
02/11/2021 02:31:36 PM,0.061,0.794,0.122,0.073
02/11/2021 02:32:36 PM,0.073,0.806,0.098,0.073
02/11/2021 02:33:36 PM,0.061,0.794,0.098,0.073
02/11/2021 02:34:36 PM,0.061,0.781,0.098,0.073
02/11/2021 02:35:36 PM,0.061,0.745,0.098,0.049
02/11/2021 02:36:36 PM,0.073,0.720,0.098,0.049
02/11/2021 02:37:36 PM,0.061,0.720,0.122,0.073
02/11/2021 02:38:36 PM,0.061,0.720,0.098,0.049
02/11/2021 02:39:36 PM,0.073,0.696,0.122,0.073
02/11/2021 02:40:36 PM,0.061,0.708,0.122,0.073
02/11/2021 02:41:36 PM,0.061,0.696,0.098,0.073
02/11/2021 02:42:36 PM,0.073,0.696,0.098,0.073
02/11/2021 02:43:36 PM,0.061,0.696,0.098,0.073
02/11/2021 02:44:36 PM,0.073,0.696,0.098,0.073
02/11/2021 02:45:36 PM,0.061,0.684,0.098,0.073
02/11/2021 02:46:36 PM,0.073,0.684,0.098,0.073
02/11/2021 02:47:36 PM,0.061,0.684,0.122,0.073
02/11/2021 02:48:36 PM,0.061,0.684,0.098,0.073
02/11/2021 02:49:36 PM,0.073,0.684,0.098,0.073
02/11/2021 02:50:36 PM,0.073,0.684,0.098,0.073
02/11/2021 02:51:36 PM,0.073,0.684,0.122,0.073
02/11/2021 02:52:36 PM,0.061,0.684,0.098,0.073
02/11/2021 02:53:36 PM,0.061,0.684,0.122,0.073
02/11/2021 02:54:36 PM,0.061,0.684,0.098,0.073
02/11/2021 02:55:36 PM,0.073,0.696,0.098,0.073
02/11/2021 02:56:36 PM,0.061,0.684,0.122,0.073
02/11/2021 02:57:36 PM,0.073,0.672,0.122,0.073
02/11/2021 02:58:36 PM,0.073,0.672,0.098,0.073
02/11/2021 02:59:36 PM,0.073,0.672,0.098,0.073
02/11/2021 03:00:36 PM,0.061,0.672,0.098,0.049
02/11/2021 03:01:36 PM,0.061,0.672,0.098,0.049
02/11/2021 03:02:36 PM,0.061,0.672,0.098,0.073
02/11/2021 03:03:36 PM,0.073,0.672,0.098,0.073
02/11/2021 03:04:36 PM,0.061,0.672,0.098,0.073
02/11/2021 03:05:36 PM,0.073,0.672,0.098,0.073
02/11/2021 03:06:36 PM,0.073,0.672,0.122,0.073
02/11/2021 03:07:36 PM,0.073,0.672,0.098,0.073
02/11/2021 03:08:36 PM,0.061,0.672,0.098,0.073
02/11/2021 03:09:36 PM,0.073,0.672,0.098,0.073
02/11/2021 03:10:36 PM,0.073,0.672,0.122,0.098
02/11/2021 03:11:36 PM,0.073,0.659,0.098,0.073
02/11/2021 03:12:36 PM,0.073,0.672,0.098,0.073
02/11/2021 03:13:36 PM,0.073,0.672,0.098,0.073
02/11/2021 03:14:36 PM,0.061,0.672,0.098,0.073
02/11/2021 03:15:36 PM,0.073,0.659,0.098,0.073
02/11/2021 03:16:36 PM,0.073,0.659,0.098,0.073
02/11/2021 03:17:36 PM,0.061,0.672,0.098,0.073
02/11/2021 03:18:36 PM,0.073,0.659,0.098,0.098
02/11/2021 03:19:36 PM,0.073,0.659,0.098,0.073
02/11/2021 03:20:36 PM,0.073,0.659,0.098,0.073
02/11/2021 03:21:36 PM,0.073,0.659,0.122,0.073
02/11/2021 03:22:36 PM,0.061,0.659,0.098,0.073
02/11/2021 03:23:36 PM,6.581,0.684,0.122,0.073
02/11/2021 03:24:36 PM,0.073,0.659,0.098,0.073
02/11/2021 03:25:36 PM,0.073,0.659,0.122,0.073
02/11/2021 03:26:36 PM,0.073,0.659,0.098,0.073
02/11/2021 03:27:36 PM,0.061,0.659,0.122,0.073
02/11/2021 03:28:36 PM,0.061,0.659,0.098,0.073
02/11/2021 03:29:36 PM,0.061,0.659,0.098,0.073
02/11/2021 03:30:36 PM,0.073,0.659,0.098,0.073
02/11/2021 03:31:36 PM,0.061,0.659,0.098,0.073
02/11/2021 03:32:36 PM,0.061,0.659,0.073,0.073
02/11/2021 03:33:36 PM,0.073,0.647,0.098,0.073
02/11/2021 03:34:36 PM,0.073,0.659,0.098,0.073
02/11/2021 03:35:36 PM,0.061,0.659,0.098,0.073
02/11/2021 03:36:36 PM,0.073,0.659,0.122,0.073
02/11/2021 03:37:36 PM,0.061,0.659,0.098,0.073
02/11/2021 03:38:36 PM,0.061,0.659,0.098,0.073
02/11/2021 03:39:36 PM,0.073,0.659,0.098,0.073
02/11/2021 03:40:36 PM,0.073,0.647,0.098,0.098
02/11/2021 03:41:36 PM,0.073,0.659,0.122,0.073
02/11/2021 03:42:36 PM,0.073,0.659,0.098,0.098
02/11/2021 03:43:36 PM,0.061,0.659,0.098,0.073
02/11/2021 03:44:36 PM,0.061,0.659,0.098,0.073
02/11/2021 03:45:36 PM,0.061,0.659,0.098,0.073
02/11/2021 03:46:36 PM,0.061,0.647,0.098,0.073
02/11/2021 03:47:36 PM,0.073,0.623,0.098,0.073
02/11/2021 03:48:36 PM,6.557,0.659,0.098,0.073
02/11/2021 03:49:36 PM,0.073,0.659,0.098,0.073
02/11/2021 03:50:36 PM,0.073,0.647,0.098,0.073
02/11/2021 03:51:36 PM,0.073,0.659,0.098,0.073
02/11/2021 03:52:36 PM,0.061,0.659,0.098,0.073
02/11/2021 03:53:36 PM,0.073,0.659,0.098,0.073
02/11/2021 03:54:36 PM,0.073,0.659,0.122,0.073
02/11/2021 03:55:36 PM,0.073,0.659,0.122,0.073
02/11/2021 03:56:36 PM,0.073,0.647,0.122,0.073
02/11/2021 03:57:36 PM,0.073,0.659,0.098,0.073
02/11/2021 03:58:36 PM,0.110,0.672,0.098,0.098
02/11/2021 03:59:36 PM,0.085,0.647,0.122,0.073
02/11/2021 04:00:36 PM,0.061,0.647,0.098,0.073
02/11/2021 04:01:36 PM,0.073,0.647,0.122,0.073
02/11/2021 04:02:36 PM,0.073,0.611,0.098,0.073
02/11/2021 04:03:36 PM,0.061,0.647,0.098,0.073
02/11/2021 04:04:36 PM,0.073,0.647,0.098,0.073
02/11/2021 04:05:36 PM,0.061,0.659,0.098,0.073
02/11/2021 04:06:36 PM,0.073,0.659,0.098,0.073
02/11/2021 04:07:36 PM,0.073,0.635,0.098,0.098
02/11/2021 04:08:36 PM,0.073,0.647,0.098,0.073
02/11/2021 04:09:36 PM,0.073,0.647,0.098,0.073
02/11/2021 04:10:36 PM,0.061,0.647,0.098,0.073
02/11/2021 04:11:36 PM,0.073,0.647,0.098,0.073
02/11/2021 04:12:36 PM,0.073,0.647,0.098,0.073
02/11/2021 04:13:36 PM,0.073,0.647,0.098,0.073
02/11/2021 04:14:36 PM,0.073,0.635,0.098,0.073
02/11/2021 04:15:36 PM,0.073,0.635,0.098,0.073
02/11/2021 04:16:36 PM,0.073,0.513,0.098,0.098
02/11/2021 04:17:36 PM,0.073,0.513,0.098,0.073
02/11/2021 04:18:36 PM,0.073,0.525,0.098,0.073
02/11/2021 04:19:36 PM,0.073,0.525,0.098,0.073
02/11/2021 04:20:36 PM,0.073,0.513,0.122,0.098
02/11/2021 04:21:36 PM,0.073,0.525,0.098,0.073
02/11/2021 04:22:36 PM,0.073,0.513,0.098,0.073
02/11/2021 04:23:36 PM,0.061,0.513,0.098,0.073
02/11/2021 04:24:36 PM,0.073,0.513,0.098,0.073
02/11/2021 04:25:36 PM,0.061,0.513,0.098,0.073
02/11/2021 04:26:36 PM,0.061,0.513,0.098,0.073
02/11/2021 04:27:36 PM,0.061,0.525,0.122,0.073
02/11/2021 04:28:36 PM,0.073,0.513,0.098,0.073
02/11/2021 04:29:36 PM,0.073,0.525,0.098,0.098
02/11/2021 04:30:36 PM,0.073,0.562,0.098,0.073
02/11/2021 04:31:36 PM,0.073,0.574,0.098,0.073
02/11/2021 04:32:36 PM,0.073,0.586,0.098,0.073
02/11/2021 04:33:36 PM,0.073,0.586,0.098,0.073
02/11/2021 04:34:36 PM,0.061,0.598,0.098,0.073
02/11/2021 04:35:36 PM,6.606,0.611,0.122,0.073
02/11/2021 04:36:36 PM,0.073,0.598,0.098,0.073
02/11/2021 04:37:36 PM,0.073,0.598,0.098,0.073
02/11/2021 04:38:36 PM,0.073,0.598,0.098,0.073
02/11/2021 04:39:36 PM,0.061,0.598,0.098,0.073
02/11/2021 04:40:36 PM,0.061,0.598,0.098,0.073
02/11/2021 04:41:36 PM,0.073,0.598,0.098,0.073
02/11/2021 04:42:36 PM,0.073,0.598,0.098,0.073
02/11/2021 04:43:36 PM,0.073,0.598,0.098,0.098
02/11/2021 04:44:36 PM,0.073,0.598,0.122,0.098
02/11/2021 04:45:36 PM,0.073,0.708,0.073,0.073
02/11/2021 04:46:36 PM,0.061,0.598,0.098,0.073
02/11/2021 04:47:36 PM,0.073,0.598,0.098,0.073
02/11/2021 04:48:36 PM,0.073,0.598,0.098,0.098
02/11/2021 04:49:36 PM,0.061,0.598,0.098,0.098
02/11/2021 04:50:36 PM,0.073,0.598,0.098,0.098
02/11/2021 04:51:36 PM,0.073,0.598,0.098,0.073
02/11/2021 04:52:36 PM,0.073,0.598,0.098,0.073
02/11/2021 04:53:36 PM,0.073,0.598,0.098,0.073
02/11/2021 04:54:36 PM,0.073,0.598,0.098,0.073
02/11/2021 04:55:36 PM,0.073,0.598,0.098,0.098
02/11/2021 04:56:36 PM,0.073,0.598,0.122,0.073
02/11/2021 04:57:36 PM,0.061,0.598,0.098,0.073
02/11/2021 04:58:36 PM,0.061,0.598,0.073,0.073
02/11/2021 04:59:36 PM,0.061,0.598,0.122,0.098
02/11/2021 05:00:36 PM,0.073,0.598,0.098,0.073
02/11/2021 05:01:36 PM,0.073,0.586,0.122,0.073
02/11/2021 05:02:36 PM,0.085,0.574,0.098,0.098
02/11/2021 05:03:36 PM,0.073,0.549,0.098,0.098
02/11/2021 05:04:36 PM,0.073,0.537,0.098,0.098
02/11/2021 05:05:36 PM,0.073,0.537,0.098,0.073
02/11/2021 05:06:36 PM,0.073,0.537,0.098,0.073
02/11/2021 05:07:36 PM,0.049,0.525,0.098,0.806
02/11/2021 05:08:36 PM,0.061,0.537,0.098,0.757
02/11/2021 05:09:36 PM,0.073,0.525,0.098,0.733
02/11/2021 05:10:36 PM,0.073,0.525,0.098,0.733
02/11/2021 05:11:36 PM,0.073,0.525,0.098,0.708
02/11/2021 05:12:36 PM,0.061,0.513,0.098,0.708
02/11/2021 05:13:36 PM,0.073,0.525,0.098,0.708
02/11/2021 05:14:36 PM,0.073,0.513,0.098,0.708
02/11/2021 05:15:36 PM,0.061,0.635,0.098,0.708
02/11/2021 05:16:36 PM,0.073,0.513,0.098,0.708
02/11/2021 05:17:36 PM,0.073,0.513,0.122,0.708
02/11/2021 05:18:36 PM,0.073,0.513,0.098,0.708
02/11/2021 05:19:36 PM,0.073,0.513,0.098,0.708
02/11/2021 05:20:36 PM,0.073,0.513,18.168,0.781
02/11/2021 05:21:36 PM,0.061,0.513,18.193,0.757
02/11/2021 05:22:36 PM,0.061,0.513,18.217,0.757
02/11/2021 05:23:36 PM,0.073,0.501,18.193,0.757
02/11/2021 05:24:36 PM,0.073,0.501,18.144,0.757
02/11/2021 05:25:36 PM,0.061,0.513,18.144,0.757
02/11/2021 05:26:36 PM,0.073,0.501,18.168,0.757
02/11/2021 05:27:36 PM,0.061,0.488,18.144,0.757
02/11/2021 05:28:36 PM,0.073,0.488,18.144,0.757
02/11/2021 05:29:36 PM,0.061,0.501,18.168,0.757
02/11/2021 05:30:36 PM,0.061,0.501,18.120,0.757
02/11/2021 05:31:36 PM,0.061,0.501,18.095,0.757
02/11/2021 05:32:36 PM,0.049,0.501,18.095,0.757
02/11/2021 05:33:36 PM,0.049,0.501,0.122,0.684
02/11/2021 05:34:36 PM,0.073,0.501,0.098,0.684
02/11/2021 05:35:36 PM,0.061,0.501,0.122,0.684
02/11/2021 05:36:36 PM,0.061,0.501,0.098,0.684
02/11/2021 05:37:36 PM,0.073,0.501,0.098,0.684
02/11/2021 05:38:36 PM,0.061,0.488,0.122,0.684
02/11/2021 05:39:36 PM,0.061,0.501,0.098,0.684
02/11/2021 05:40:36 PM,0.073,0.501,0.098,0.684
02/11/2021 05:41:36 PM,0.061,0.501,0.122,0.684
02/11/2021 05:42:36 PM,0.061,0.488,0.098,0.684
02/11/2021 05:43:36 PM,0.061,0.488,0.098,0.684
02/11/2021 05:44:36 PM,0.061,0.488,0.098,0.684
02/11/2021 05:45:36 PM,0.061,0.598,0.098,0.684
02/11/2021 05:46:36 PM,0.073,0.488,0.098,0.684
02/11/2021 05:47:36 PM,0.061,0.488,0.098,0.684
02/11/2021 05:48:36 PM,0.061,0.488,0.098,0.684
02/11/2021 05:49:36 PM,0.061,0.488,0.098,0.684
02/11/2021 05:50:36 PM,0.061,0.488,0.098,0.684
02/11/2021 05:51:36 PM,0.061,0.488,0.098,0.684
02/11/2021 05:52:36 PM,0.061,0.488,0.098,0.684
02/11/2021 05:53:36 PM,0.061,0.488,0.098,0.684
02/11/2021 05:54:36 PM,0.061,0.488,0.098,0.659
02/11/2021 05:55:36 PM,0.061,0.488,0.098,0.684
02/11/2021 05:56:36 PM,0.061,0.488,0.098,0.684
02/11/2021 05:57:36 PM,0.049,0.488,0.122,0.659
02/11/2021 05:58:36 PM,0.061,0.488,0.098,0.684
02/11/2021 05:59:36 PM,0.061,0.488,0.098,0.684
02/11/2021 06:00:36 PM,0.061,0.488,0.098,0.684
02/11/2021 06:01:36 PM,0.061,0.488,0.122,0.684
02/11/2021 06:02:36 PM,0.061,0.476,0.098,0.659
02/11/2021 06:03:36 PM,0.061,0.488,0.122,0.659
02/11/2021 06:04:36 PM,0.061,0.452,0.098,0.684
02/11/2021 06:05:36 PM,0.061,0.488,0.098,0.684
02/11/2021 06:06:36 PM,0.073,0.501,0.098,0.684
02/11/2021 06:07:36 PM,0.049,0.501,0.098,0.684
02/11/2021 06:08:36 PM,0.061,0.501,0.122,0.684
02/11/2021 06:09:36 PM,0.073,0.513,0.098,0.684
02/11/2021 06:10:36 PM,0.061,0.537,0.098,0.684
02/11/2021 06:11:36 PM,0.061,0.562,0.098,0.659
02/11/2021 06:12:36 PM,6.569,0.574,0.098,0.659
02/11/2021 06:13:36 PM,0.061,0.562,0.098,0.684
02/11/2021 06:14:36 PM,0.061,0.562,0.098,0.684
02/11/2021 06:15:36 PM,0.061,0.672,0.122,0.659
02/11/2021 06:16:36 PM,0.049,0.562,0.098,1.856
02/11/2021 06:17:36 PM,0.061,0.574,0.098,1.807
02/11/2021 06:18:36 PM,0.061,0.574,0.098,0.659
02/11/2021 06:19:36 PM,0.061,0.574,0.098,0.684
02/11/2021 06:20:36 PM,0.061,0.562,0.098,0.708
02/11/2021 06:21:36 PM,0.073,0.574,0.098,0.684
02/11/2021 06:22:36 PM,0.061,0.574,0.098,1.856
02/11/2021 06:23:36 PM,0.061,0.574,0.098,0.684
02/11/2021 06:24:36 PM,0.061,0.574,0.098,0.684
02/11/2021 06:25:36 PM,0.061,0.574,0.098,0.684
02/11/2021 06:26:36 PM,0.049,0.611,0.098,0.659
02/11/2021 06:27:36 PM,0.061,0.611,0.098,0.684
02/11/2021 06:28:36 PM,0.061,0.611,0.098,0.684
02/11/2021 06:29:36 PM,0.073,0.623,0.098,0.684
02/11/2021 06:30:36 PM,0.061,0.623,0.098,0.684
02/11/2021 06:31:36 PM,0.061,0.635,0.098,0.659
02/11/2021 06:32:36 PM,0.061,0.562,0.098,0.684
02/11/2021 06:33:36 PM,0.061,0.598,0.098,0.659
02/11/2021 06:34:36 PM,0.061,0.574,0.098,0.659
02/11/2021 06:35:36 PM,0.061,0.562,0.098,0.708
02/11/2021 06:36:36 PM,0.061,0.549,0.098,0.684
02/11/2021 06:37:36 PM,0.061,0.537,0.098,0.659
02/11/2021 06:38:36 PM,0.061,0.525,0.098,0.684
02/11/2021 06:39:36 PM,0.073,0.525,0.122,0.684
02/11/2021 06:40:36 PM,0.049,0.525,0.098,0.684
02/11/2021 06:41:36 PM,0.061,0.488,0.098,0.684
02/11/2021 06:42:36 PM,0.061,0.525,0.098,0.684
02/11/2021 06:43:36 PM,0.049,0.513,0.098,0.708
02/11/2021 06:44:36 PM,0.061,0.513,0.098,0.684
02/11/2021 06:45:36 PM,0.049,0.623,0.098,0.684
02/11/2021 06:46:36 PM,0.061,0.513,0.098,0.684
02/11/2021 06:47:36 PM,0.061,0.513,0.098,0.684
02/11/2021 06:48:36 PM,0.049,0.513,0.098,0.684
02/11/2021 06:49:36 PM,0.061,0.513,0.098,0.684
02/11/2021 06:50:36 PM,0.061,0.513,0.098,0.659
02/11/2021 06:51:36 PM,0.073,0.513,0.098,0.684
02/11/2021 06:52:36 PM,0.061,0.513,0.098,0.684
02/11/2021 06:53:36 PM,0.061,0.513,0.098,0.684
02/11/2021 06:54:36 PM,0.061,0.513,0.098,0.684
02/11/2021 06:55:36 PM,0.061,0.513,17.900,0.757
02/11/2021 06:56:36 PM,0.061,0.513,17.924,0.733
02/11/2021 06:57:36 PM,0.061,0.501,17.973,0.757
02/11/2021 06:58:36 PM,6.435,0.513,17.900,0.733
02/11/2021 06:59:36 PM,0.061,0.513,17.949,0.757
02/11/2021 07:00:36 PM,0.061,0.537,17.949,0.733
02/11/2021 07:01:36 PM,0.049,0.501,17.973,0.733
02/11/2021 07:02:36 PM,0.061,0.464,17.949,0.733
02/11/2021 07:03:36 PM,0.061,0.513,17.973,0.757
02/11/2021 07:04:36 PM,0.061,0.525,17.949,0.757
02/11/2021 07:05:36 PM,0.061,0.537,17.949,0.757
02/11/2021 07:06:36 PM,0.049,0.598,17.998,0.757
02/11/2021 07:07:36 PM,0.061,0.611,17.998,0.733
02/11/2021 07:08:36 PM,0.061,0.537,17.998,0.733
02/11/2021 07:09:36 PM,0.049,0.549,17.949,0.733
02/11/2021 07:10:36 PM,0.037,0.586,17.949,0.733
02/11/2021 07:11:36 PM,0.049,0.586,0.122,0.659
02/11/2021 07:12:36 PM,0.049,0.598,0.147,0.659
02/11/2021 07:13:36 PM,0.049,0.586,0.122,0.684
02/11/2021 07:14:36 PM,0.049,0.598,0.147,0.659
02/11/2021 07:15:36 PM,0.037,0.708,0.147,0.635
02/11/2021 07:16:36 PM,0.037,0.598,0.147,0.659
02/11/2021 07:17:36 PM,0.037,0.549,0.147,0.659
02/11/2021 07:18:36 PM,0.037,0.598,0.147,0.659
02/11/2021 07:19:36 PM,0.049,0.598,0.122,0.659
02/11/2021 07:20:36 PM,0.073,0.598,0.098,0.684
02/11/2021 07:21:36 PM,0.061,0.598,0.098,0.684
02/11/2021 07:22:36 PM,0.061,0.611,0.122,0.684
02/11/2021 07:23:36 PM,0.061,0.598,0.122,0.659
02/11/2021 07:24:36 PM,0.049,0.598,0.098,0.684
02/11/2021 07:25:36 PM,0.049,1.013,0.122,0.684
02/11/2021 07:26:36 PM,0.049,0.611,0.122,0.659
02/11/2021 07:27:36 PM,0.073,0.611,0.122,0.684
02/11/2021 07:28:36 PM,0.061,0.598,0.122,0.659
02/11/2021 07:29:36 PM,0.061,0.598,0.098,0.684
02/11/2021 07:30:36 PM,0.061,0.598,0.122,0.024
02/11/2021 07:31:36 PM,0.061,0.574,0.098,0.049
02/11/2021 07:32:36 PM,0.073,0.549,0.098,0.049
02/11/2021 07:33:36 PM,0.061,0.549,0.098,0.049
02/11/2021 07:34:36 PM,0.061,0.537,0.122,0.073
02/11/2021 07:35:36 PM,0.061,0.537,0.122,0.073
02/11/2021 07:36:36 PM,0.061,0.537,0.098,0.049
02/11/2021 07:37:36 PM,0.061,0.525,0.122,0.049
02/11/2021 07:38:36 PM,0.061,0.525,0.098,0.049
02/11/2021 07:39:36 PM,0.049,0.525,0.098,0.049
02/11/2021 07:40:36 PM,0.061,0.513,0.122,0.073
02/11/2021 07:41:36 PM,0.049,0.513,0.098,0.049
02/11/2021 07:42:36 PM,0.061,0.525,0.098,0.049
02/11/2021 07:43:36 PM,0.061,0.513,0.122,0.073
02/11/2021 07:44:36 PM,0.049,0.525,0.122,0.073
02/11/2021 07:45:36 PM,0.061,0.623,0.098,0.049
02/11/2021 07:46:36 PM,0.061,0.501,0.098,0.049
02/11/2021 07:47:36 PM,0.073,0.513,0.122,0.049
02/11/2021 07:48:36 PM,0.049,0.513,0.098,0.049
02/11/2021 07:49:36 PM,0.061,0.501,0.122,0.073
02/11/2021 07:50:36 PM,0.049,0.501,0.098,0.049
02/11/2021 07:51:36 PM,0.073,0.501,0.122,0.049
02/11/2021 07:52:36 PM,0.061,0.513,0.098,0.049
02/11/2021 07:53:36 PM,0.061,0.501,0.122,0.049
02/11/2021 07:54:36 PM,0.061,0.501,0.122,0.073
02/11/2021 07:55:36 PM,0.061,0.513,0.122,0.049
02/11/2021 07:56:36 PM,0.061,0.513,0.098,0.049
02/11/2021 07:57:36 PM,0.049,0.513,0.122,0.073
02/11/2021 07:58:36 PM,0.073,0.549,0.122,0.049
02/11/2021 07:59:36 PM,0.061,0.513,0.098,0.073
02/11/2021 08:00:36 PM,0.073,0.940,0.122,0.073
02/11/2021 08:01:36 PM,0.061,0.904,0.098,0.049
02/11/2021 08:02:36 PM,0.061,0.488,0.098,0.049
02/11/2021 08:03:36 PM,0.073,0.513,0.122,0.049
02/11/2021 08:04:36 PM,0.061,0.891,0.098,0.049
02/11/2021 08:05:36 PM,0.049,0.513,0.098,0.049
02/11/2021 08:06:36 PM,0.049,0.513,0.122,0.049
02/11/2021 08:07:36 PM,0.073,0.513,0.122,0.049
02/11/2021 08:08:36 PM,0.061,0.513,0.098,0.073
02/11/2021 08:09:36 PM,0.061,0.513,0.098,0.049
02/11/2021 08:10:36 PM,0.061,0.513,0.122,0.049
02/11/2021 08:11:36 PM,0.061,0.513,0.122,0.049
02/11/2021 08:12:36 PM,0.061,0.513,0.098,0.073
02/11/2021 08:13:36 PM,0.061,0.513,0.122,0.049
02/11/2021 08:14:36 PM,0.061,0.513,0.098,0.049
02/11/2021 08:15:36 PM,0.073,0.623,0.122,0.073
02/11/2021 08:16:36 PM,0.061,0.501,0.098,0.049
02/11/2021 08:17:36 PM,0.061,0.513,18.144,0.098
02/11/2021 08:18:36 PM,0.061,0.513,17.924,0.073
02/11/2021 08:19:36 PM,0.061,0.513,17.924,0.098
02/11/2021 08:20:36 PM,0.061,0.513,17.900,0.098
02/11/2021 08:21:36 PM,0.061,0.513,17.900,0.098
02/11/2021 08:22:36 PM,0.061,0.513,17.949,0.073
02/11/2021 08:23:36 PM,0.073,0.501,17.998,0.098
02/11/2021 08:24:36 PM,0.049,1.343,18.022,0.098
02/11/2021 08:25:36 PM,0.049,1.306,18.022,0.098
02/11/2021 08:26:36 PM,0.061,1.294,17.998,0.098
02/11/2021 08:27:36 PM,0.061,1.294,17.998,0.098
02/11/2021 08:28:36 PM,0.061,1.294,17.998,0.098
02/11/2021 08:29:36 PM,0.061,1.294,17.998,0.098
02/11/2021 08:30:36 PM,0.049,1.306,17.973,0.098
02/11/2021 08:31:36 PM,0.061,1.306,17.998,0.098
02/11/2021 08:32:36 PM,0.049,1.306,17.998,0.098
02/11/2021 08:33:36 PM,0.049,1.306,17.998,0.098
02/11/2021 08:34:36 PM,0.061,1.306,18.022,0.098
02/11/2021 08:35:36 PM,0.061,1.294,17.998,0.098
02/11/2021 08:36:36 PM,0.061,1.306,17.998,0.073
02/11/2021 08:37:36 PM,0.049,1.306,18.022,0.098
02/11/2021 08:38:36 PM,0.061,1.306,17.900,0.073
02/11/2021 08:39:36 PM,0.049,1.306,17.875,0.073
02/11/2021 08:40:36 PM,0.061,1.306,17.924,0.098
02/11/2021 08:41:36 PM,6.496,1.319,17.924,0.073
02/11/2021 08:42:36 PM,0.061,1.306,17.949,0.098
02/11/2021 08:43:36 PM,0.061,1.294,17.949,0.098
02/11/2021 08:44:36 PM,0.061,1.294,17.900,0.098
02/11/2021 08:45:36 PM,0.061,1.404,17.900,0.073
02/11/2021 08:46:36 PM,0.061,1.294,17.900,0.098
02/11/2021 08:47:36 PM,0.061,1.294,17.900,0.098
02/11/2021 08:48:36 PM,0.049,1.294,17.900,0.073
02/11/2021 08:49:36 PM,0.061,1.294,17.949,0.098
02/11/2021 08:50:36 PM,0.061,1.294,17.949,0.073
02/11/2021 08:51:36 PM,0.049,1.294,18.828,0.098
02/11/2021 08:52:36 PM,0.061,1.306,17.973,0.098
02/11/2021 08:53:36 PM,0.061,1.282,17.949,0.073
02/11/2021 08:54:36 PM,0.049,1.294,17.973,0.073
02/11/2021 08:55:36 PM,0.049,0.073,17.973,0.073
02/11/2021 08:56:36 PM,0.061,0.037,17.973,0.098
02/11/2021 08:57:36 PM,0.049,0.049,17.998,0.073
02/11/2021 08:58:36 PM,0.061,0.037,17.949,0.098
02/11/2021 08:59:36 PM,0.049,0.037,17.949,0.073
02/11/2021 09:00:36 PM,0.049,0.049,17.973,0.073
02/11/2021 09:01:36 PM,0.061,0.037,17.924,0.098
02/11/2021 09:02:36 PM,0.049,0.049,17.924,0.098
02/11/2021 09:03:36 PM,0.061,0.037,17.949,0.073
02/11/2021 09:04:36 PM,0.061,0.037,17.924,0.073
02/11/2021 09:05:36 PM,0.061,0.037,17.949,0.073
02/11/2021 09:06:36 PM,0.049,0.049,17.973,0.073
02/11/2021 09:07:36 PM,0.049,0.037,17.949,0.073
02/11/2021 09:08:36 PM,0.061,0.049,17.973,0.098
02/11/2021 09:09:36 PM,0.061,0.586,17.973,0.073
02/11/2021 09:10:36 PM,0.049,0.598,17.949,0.073
02/11/2021 09:11:36 PM,0.061,0.635,17.949,0.073
02/11/2021 09:12:36 PM,0.049,0.647,17.973,0.073
02/11/2021 09:13:36 PM,0.061,0.647,17.949,0.098
02/11/2021 09:14:36 PM,0.061,0.635,17.998,0.073
02/11/2021 09:15:36 PM,0.049,0.745,18.022,0.073
02/11/2021 09:16:36 PM,0.049,0.635,18.022,0.073
02/11/2021 09:17:36 PM,0.061,0.623,17.949,0.073
02/11/2021 09:18:36 PM,0.061,0.611,17.998,0.073
02/11/2021 09:19:36 PM,0.049,0.611,17.998,0.073
02/11/2021 09:20:36 PM,0.061,0.598,17.998,0.073
02/11/2021 09:21:36 PM,0.061,0.598,17.998,0.073
02/11/2021 09:22:36 PM,0.049,0.635,17.998,0.073
02/11/2021 09:23:36 PM,0.061,0.635,18.071,0.073
02/11/2021 09:24:36 PM,0.049,0.635,18.071,0.073
02/11/2021 09:25:36 PM,0.061,0.635,18.046,0.073
02/11/2021 09:26:36 PM,0.049,0.635,18.046,0.073
02/11/2021 09:27:36 PM,0.049,0.635,18.046,0.073
02/11/2021 09:28:36 PM,0.049,0.635,18.046,0.073
02/11/2021 09:29:36 PM,0.049,0.635,18.071,0.073
02/11/2021 09:30:36 PM,0.049,0.635,18.095,0.073
02/11/2021 09:31:36 PM,0.061,0.623,18.095,0.073
02/11/2021 09:32:36 PM,0.049,0.623,18.120,0.073
02/11/2021 09:33:36 PM,0.061,0.635,18.144,0.073
02/11/2021 09:34:36 PM,0.049,0.635,18.120,0.073
02/11/2021 09:35:36 PM,0.061,0.623,18.120,0.073
02/11/2021 09:36:36 PM,6.447,0.647,18.046,0.073
02/11/2021 09:37:36 PM,0.061,0.635,18.120,0.073
02/11/2021 09:38:36 PM,0.049,0.623,18.144,0.073
02/11/2021 09:39:36 PM,0.049,0.623,18.120,0.073
02/11/2021 09:40:36 PM,0.049,0.623,18.095,0.073
02/11/2021 09:41:36 PM,0.049,0.623,18.095,0.073
02/11/2021 09:42:36 PM,0.049,0.635,18.095,0.073
02/11/2021 09:43:36 PM,0.049,0.623,18.095,0.049
02/11/2021 09:44:36 PM,0.049,0.623,18.071,0.073
02/11/2021 09:45:36 PM,0.061,0.745,18.095,0.073
02/11/2021 09:46:36 PM,0.049,0.623,18.071,0.073
02/11/2021 09:47:36 PM,0.049,0.623,18.071,0.073
02/11/2021 09:48:36 PM,0.049,0.635,18.095,0.073
02/11/2021 09:49:36 PM,0.061,0.623,18.120,0.073
02/11/2021 09:50:36 PM,0.061,0.623,18.120,0.073
02/11/2021 09:51:36 PM,0.049,0.623,0.122,0.049
02/11/2021 09:52:36 PM,0.049,0.623,0.122,0.024
02/11/2021 09:53:36 PM,0.049,0.598,0.122,0.024
02/11/2021 09:54:36 PM,0.049,0.586,0.122,0.049
02/11/2021 09:55:36 PM,0.061,0.562,0.122,0.024
02/11/2021 09:56:36 PM,0.049,0.549,0.122,0.024
02/11/2021 09:57:36 PM,0.061,0.549,0.122,0.024
02/11/2021 09:58:36 PM,0.061,0.549,0.122,0.024
02/11/2021 09:59:36 PM,0.049,0.537,0.098,0.024
02/11/2021 10:00:36 PM,0.049,0.549,0.122,0.024
02/11/2021 10:01:36 PM,0.049,0.549,0.122,0.024
02/11/2021 10:02:36 PM,0.049,0.537,0.122,0.049
02/11/2021 10:03:36 PM,0.049,0.537,0.098,0.024
02/11/2021 10:04:36 PM,0.049,0.537,0.098,0.024
02/11/2021 10:05:36 PM,0.061,0.537,0.098,0.024
02/11/2021 10:06:36 PM,0.049,0.525,0.122,0.024
02/11/2021 10:07:36 PM,0.049,0.525,0.122,0.024
02/11/2021 10:08:36 PM,0.049,0.525,0.122,0.024
02/11/2021 10:09:36 PM,0.049,0.525,0.122,0.049
02/11/2021 10:10:36 PM,0.049,0.525,0.122,0.049
02/11/2021 10:11:36 PM,0.049,0.525,0.098,0.024
02/11/2021 10:12:36 PM,0.049,0.525,0.122,0.024
02/11/2021 10:13:36 PM,0.049,0.525,0.122,0.024
02/11/2021 10:14:36 PM,0.049,0.513,0.098,0.024
02/11/2021 10:15:36 PM,0.061,0.623,0.098,0.024
02/11/2021 10:16:36 PM,0.061,0.525,0.122,0.024
02/11/2021 10:17:36 PM,0.049,0.513,0.098,0.024
02/11/2021 10:18:36 PM,0.061,0.513,18.095,0.073
02/11/2021 10:19:36 PM,0.049,0.513,18.046,0.073
02/11/2021 10:20:36 PM,0.061,0.513,18.095,0.073
02/11/2021 10:21:36 PM,0.049,0.513,18.120,0.073
02/11/2021 10:22:36 PM,0.061,0.513,18.095,0.073
02/11/2021 10:23:36 PM,0.061,0.501,18.144,0.073
02/11/2021 10:24:36 PM,0.049,0.513,18.144,0.073
02/11/2021 10:25:36 PM,0.049,0.501,18.120,0.073
02/11/2021 10:26:36 PM,0.049,0.513,18.168,0.073
02/11/2021 10:27:36 PM,0.049,0.501,18.168,0.073
02/11/2021 10:28:36 PM,0.049,0.501,18.168,0.073
02/11/2021 10:29:36 PM,0.049,0.501,18.168,0.073
02/11/2021 10:30:36 PM,0.061,0.501,18.193,0.073
02/11/2021 10:31:36 PM,0.049,0.501,18.193,0.073
02/11/2021 10:32:36 PM,0.049,0.501,0.122,0.049
02/11/2021 10:33:36 PM,0.049,0.501,0.122,0.024
02/11/2021 10:34:36 PM,0.061,0.513,0.098,0.024
02/11/2021 10:35:36 PM,0.061,0.501,0.098,0.024
02/11/2021 10:36:36 PM,0.049,0.501,0.122,0.024
02/11/2021 10:37:36 PM,0.061,0.501,0.122,0.024
02/11/2021 10:38:36 PM,0.049,0.501,0.122,0.024
02/11/2021 10:39:36 PM,0.049,0.501,0.098,0.024
02/11/2021 10:40:36 PM,0.049,0.501,0.122,0.024
02/11/2021 10:41:36 PM,0.049,0.501,0.122,0.024
02/11/2021 10:42:36 PM,0.049,0.501,0.098,0.024
02/11/2021 10:43:36 PM,0.049,0.501,0.098,0.757
02/11/2021 10:44:36 PM,0.049,0.501,0.098,0.733
02/11/2021 10:45:36 PM,0.049,0.611,0.122,0.708
02/11/2021 10:46:36 PM,0.061,0.501,0.098,0.708
02/11/2021 10:47:36 PM,0.049,0.501,0.122,0.708
02/11/2021 10:48:36 PM,0.049,0.501,0.122,0.708
02/11/2021 10:49:36 PM,0.049,0.501,0.098,0.708
02/11/2021 10:50:36 PM,0.061,0.488,0.098,0.708
02/11/2021 10:51:36 PM,0.061,0.501,0.098,0.708
02/11/2021 10:52:36 PM,0.061,0.501,0.122,0.684
02/11/2021 10:53:36 PM,0.049,0.501,0.122,0.708
02/11/2021 10:54:36 PM,0.049,0.501,0.098,0.684
02/11/2021 10:55:36 PM,0.049,0.488,0.122,0.684
02/11/2021 10:56:36 PM,0.061,0.501,0.122,0.708
02/11/2021 10:57:36 PM,0.061,0.513,0.122,0.684
02/11/2021 10:58:36 PM,0.049,0.513,0.098,0.684
02/11/2021 10:59:36 PM,0.049,0.513,0.122,0.684
02/11/2021 11:00:36 PM,0.061,0.525,0.122,0.684
02/11/2021 11:01:36 PM,0.061,0.549,0.098,0.684
02/11/2021 11:02:36 PM,0.049,0.562,0.098,0.684
02/11/2021 11:03:36 PM,0.049,0.574,0.122,0.684
02/11/2021 11:04:36 PM,0.049,0.574,0.098,0.684
02/11/2021 11:05:36 PM,0.049,0.574,0.122,0.684
02/11/2021 11:06:36 PM,0.061,0.574,0.098,0.684
02/11/2021 11:07:36 PM,0.061,0.574,0.098,0.684
02/11/2021 11:08:36 PM,0.061,0.574,0.098,0.684
02/11/2021 11:09:36 PM,0.049,0.574,0.122,0.684
02/11/2021 11:10:36 PM,0.049,0.574,0.122,0.659
02/11/2021 11:11:36 PM,0.049,0.586,0.122,0.684
02/11/2021 11:12:36 PM,0.061,0.586,0.122,0.684
02/11/2021 11:13:36 PM,0.061,0.574,0.122,0.684
02/11/2021 11:14:36 PM,0.061,0.574,0.098,0.684
02/11/2021 11:15:36 PM,0.061,0.574,0.098,0.684
02/11/2021 11:16:36 PM,0.049,0.574,0.122,0.684
02/11/2021 11:17:36 PM,0.049,0.574,0.122,0.684
02/11/2021 11:18:36 PM,0.061,0.574,0.098,0.684
02/11/2021 11:19:36 PM,0.049,0.574,0.098,0.684
02/11/2021 11:20:36 PM,0.061,0.574,18.266,0.757
02/11/2021 11:21:36 PM,0.049,0.586,18.266,0.733
02/11/2021 11:22:36 PM,0.061,0.574,18.291,0.757
02/11/2021 11:23:36 PM,0.061,0.574,18.291,0.733
02/11/2021 11:24:36 PM,0.049,0.586,18.266,0.757
02/11/2021 11:25:36 PM,0.049,0.574,18.266,0.757
02/11/2021 11:26:36 PM,0.061,0.549,18.315,0.733
02/11/2021 11:27:36 PM,0.049,0.525,18.291,0.757
02/11/2021 11:28:36 PM,0.061,0.525,18.291,0.757
02/11/2021 11:29:36 PM,0.049,0.525,18.291,0.757
02/11/2021 11:30:36 PM,0.061,0.525,18.315,0.733
02/11/2021 11:31:36 PM,0.049,0.513,18.315,0.757
02/11/2021 11:32:36 PM,0.049,0.513,18.315,0.733
02/11/2021 11:33:36 PM,0.061,0.513,0.122,0.684
02/11/2021 11:34:36 PM,0.061,0.513,0.122,0.659
02/11/2021 11:35:36 PM,0.049,0.513,0.122,0.684
02/11/2021 11:36:36 PM,0.049,0.513,0.122,0.659
02/11/2021 11:37:36 PM,0.061,0.513,0.098,0.659
02/11/2021 11:38:36 PM,0.049,0.501,0.122,0.659
02/11/2021 11:39:36 PM,0.049,0.501,0.122,0.684
02/11/2021 11:40:36 PM,0.049,0.513,0.122,0.659
02/11/2021 11:41:36 PM,0.061,0.501,0.098,0.659
02/11/2021 11:42:36 PM,0.061,0.501,0.098,0.684
02/11/2021 11:43:36 PM,0.049,0.501,0.098,0.659
02/11/2021 11:44:36 PM,0.061,0.488,0.098,0.684
02/11/2021 11:45:36 PM,0.061,0.501,0.122,0.659
02/11/2021 11:46:36 PM,0.061,0.501,0.098,0.659
02/11/2021 11:47:36 PM,0.049,0.501,0.098,0.659
02/11/2021 11:48:36 PM,0.061,0.488,0.098,0.684
02/11/2021 11:49:36 PM,0.061,0.501,0.122,0.659
02/11/2021 11:50:36 PM,0.061,0.501,0.122,0.659
02/11/2021 11:51:36 PM,0.061,0.501,0.122,0.659
02/11/2021 11:52:36 PM,0.061,0.488,0.098,0.659
02/11/2021 11:53:36 PM,0.049,0.488,0.122,0.659
02/11/2021 11:54:36 PM,0.049,0.488,0.098,0.659
02/11/2021 11:55:36 PM,0.061,0.488,0.122,0.684
02/11/2021 11:56:36 PM,0.061,0.488,0.098,0.659
02/11/2021 11:57:36 PM,0.061,0.488,0.098,0.659
02/11/2021 11:58:36 PM,0.061,0.488,0.098,0.659
02/11/2021 11:59:36 PM,0.061,0.488,0.098,0.659
02/12/2021 12:00:36 AM,0.049,0.488,0.098,0.659
02/12/2021 12:01:36 AM,0.061,0.488,0.098,0.684
02/12/2021 12:02:36 AM,0.049,0.488,0.122,0.659
02/12/2021 12:03:36 AM,0.061,0.488,0.098,0.659
02/12/2021 12:04:36 AM,0.049,0.488,0.122,0.659
02/12/2021 12:05:36 AM,0.061,0.488,0.098,0.659
02/12/2021 12:06:36 AM,0.061,0.488,0.122,0.659
02/12/2021 12:07:36 AM,0.049,0.488,0.122,0.659
02/12/2021 12:08:36 AM,0.061,0.488,0.122,0.659
02/12/2021 12:09:36 AM,0.061,0.488,0.122,0.659
02/12/2021 12:10:36 AM,0.061,0.488,0.122,0.659
02/12/2021 12:11:36 AM,0.061,0.488,0.122,0.659
02/12/2021 12:12:36 AM,0.049,0.476,0.122,0.659
02/12/2021 12:13:36 AM,0.049,0.488,0.122,0.659
02/12/2021 12:14:36 AM,0.049,0.488,0.122,0.659
02/12/2021 12:15:36 AM,0.061,0.476,0.098,0.659
02/12/2021 12:16:36 AM,0.061,0.049,0.122,0.659
02/12/2021 12:17:36 AM,0.061,0.049,0.098,0.684
02/12/2021 12:18:36 AM,0.061,0.049,0.122,0.659
02/12/2021 12:19:36 AM,0.061,0.049,0.098,0.659
02/12/2021 12:20:36 AM,0.061,0.049,0.122,0.659
02/12/2021 12:21:36 AM,0.061,0.037,0.098,0.659
02/12/2021 12:22:36 AM,0.061,0.049,0.122,0.659
02/12/2021 12:23:36 AM,0.061,0.037,0.122,0.659
02/12/2021 12:24:36 AM,0.061,0.049,0.122,0.659
02/12/2021 12:25:36 AM,0.061,0.049,0.098,0.659
02/12/2021 12:26:36 AM,0.049,0.049,0.122,0.659
02/12/2021 12:27:36 AM,0.049,0.049,0.098,0.049
02/12/2021 12:28:36 AM,0.061,0.049,0.098,0.049
02/12/2021 12:29:36 AM,0.061,0.049,0.122,0.049
02/12/2021 12:30:36 AM,0.061,0.049,0.122,0.024
02/12/2021 12:31:36 AM,0.061,0.049,18.413,0.073
02/12/2021 12:32:36 AM,0.049,0.049,18.388,0.073
02/12/2021 12:33:36 AM,0.061,0.049,18.388,0.073
02/12/2021 12:34:36 AM,0.049,0.049,18.388,0.098
02/12/2021 12:35:36 AM,0.061,0.049,18.437,0.073
02/12/2021 12:36:36 AM,0.061,0.049,18.413,0.073
02/12/2021 12:37:36 AM,0.061,0.049,18.413,0.098
02/12/2021 12:38:36 AM,0.061,0.049,18.388,0.073
02/12/2021 12:39:36 AM,0.049,0.049,18.413,0.073
02/12/2021 12:40:36 AM,0.049,0.049,18.413,0.073
02/12/2021 12:41:36 AM,0.061,0.037,0.122,0.049
02/12/2021 12:42:36 AM,0.061,0.049,0.122,0.049
02/12/2021 12:43:36 AM,0.049,0.049,0.122,0.024
02/12/2021 12:44:36 AM,0.049,0.049,0.098,0.049
02/12/2021 12:45:36 AM,0.061,0.049,0.098,0.049
02/12/2021 12:46:36 AM,0.061,0.049,0.122,0.024
02/12/2021 12:47:36 AM,0.049,0.049,0.122,0.024
02/12/2021 12:48:36 AM,0.049,0.049,0.122,0.024
02/12/2021 12:49:36 AM,0.049,0.049,0.098,0.024
02/12/2021 12:50:36 AM,0.049,0.049,0.122,0.049
02/12/2021 12:51:36 AM,0.061,0.037,0.098,0.049
02/12/2021 12:52:36 AM,0.061,0.049,0.122,0.049
02/12/2021 12:53:36 AM,0.061,0.049,0.098,0.049
02/12/2021 12:54:36 AM,0.061,0.049,0.122,0.049
02/12/2021 12:55:36 AM,0.061,0.049,0.098,0.049
02/12/2021 12:56:36 AM,0.049,0.049,0.098,0.049
02/12/2021 12:57:36 AM,0.061,0.574,0.098,0.049
02/12/2021 12:58:36 AM,0.061,0.549,0.122,0.049
02/12/2021 12:59:36 AM,0.061,0.549,0.122,0.049
02/12/2021 01:00:36 AM,0.061,0.549,0.098,0.049
02/12/2021 01:01:36 AM,0.049,0.549,0.122,0.049
02/12/2021 01:02:36 AM,0.061,0.537,0.122,0.049
02/12/2021 01:03:36 AM,0.061,0.537,0.122,0.024
02/12/2021 01:04:36 AM,0.061,0.574,0.122,0.024
02/12/2021 01:05:36 AM,0.061,0.586,0.122,0.049
02/12/2021 01:06:36 AM,0.061,0.598,0.098,0.049
02/12/2021 01:07:36 AM,0.061,0.598,0.098,0.049
02/12/2021 01:08:36 AM,0.049,0.598,0.098,0.049
02/12/2021 01:09:36 AM,0.061,0.598,0.098,0.049
02/12/2021 01:10:36 AM,0.061,0.598,0.122,0.049
02/12/2021 01:11:36 AM,0.049,0.598,0.098,0.049
02/12/2021 01:12:36 AM,0.049,0.598,0.098,0.049
02/12/2021 01:13:36 AM,0.049,0.598,0.122,0.049
02/12/2021 01:14:36 AM,0.061,0.586,0.122,0.049
02/12/2021 01:15:36 AM,0.061,0.586,0.122,0.049
02/12/2021 01:16:36 AM,0.049,0.708,0.098,0.049
02/12/2021 01:17:36 AM,0.061,0.586,0.122,0.049
02/12/2021 01:18:36 AM,0.061,0.586,0.098,0.049
02/12/2021 01:19:36 AM,0.061,0.586,0.122,0.049
02/12/2021 01:20:36 AM,0.061,0.586,0.122,0.049
02/12/2021 01:21:36 AM,0.061,0.586,0.098,0.049
02/12/2021 01:22:36 AM,0.049,0.586,0.122,0.049
02/12/2021 01:23:36 AM,0.061,0.586,0.098,0.049
02/12/2021 01:24:36 AM,0.061,0.586,0.122,0.049
02/12/2021 01:25:36 AM,0.061,0.586,0.098,0.049
02/12/2021 01:26:36 AM,0.061,0.586,0.122,0.049
02/12/2021 01:27:36 AM,0.061,0.586,0.122,0.049
02/12/2021 01:28:36 AM,0.061,0.586,0.098,0.049
02/12/2021 01:29:36 AM,0.061,0.574,0.122,0.049
02/12/2021 01:30:36 AM,0.049,0.549,0.122,0.049
02/12/2021 01:31:36 AM,0.061,0.549,0.122,0.049
02/12/2021 01:32:36 AM,0.049,0.525,0.122,0.049
02/12/2021 01:33:36 AM,0.061,0.525,0.122,0.049
02/12/2021 01:34:36 AM,0.061,0.525,0.122,0.049
02/12/2021 01:35:36 AM,0.061,0.513,0.098,0.049
02/12/2021 01:36:36 AM,0.061,0.513,0.122,0.049
02/12/2021 01:37:36 AM,0.061,0.513,0.098,0.049
02/12/2021 01:38:36 AM,0.061,0.501,0.098,0.049
02/12/2021 01:39:36 AM,0.049,0.513,0.122,0.049
02/12/2021 01:40:36 AM,0.061,0.513,0.098,0.049
02/12/2021 01:41:36 AM,0.061,0.513,0.098,0.049
02/12/2021 01:42:36 AM,0.049,0.501,0.122,0.049
02/12/2021 01:43:36 AM,0.061,0.513,0.098,0.073
02/12/2021 01:44:36 AM,0.061,0.501,0.098,0.073
02/12/2021 01:45:36 AM,0.061,0.501,0.122,0.049
02/12/2021 01:46:36 AM,0.049,0.611,0.098,0.049
02/12/2021 01:47:36 AM,0.061,0.488,0.098,0.049
02/12/2021 01:48:36 AM,0.061,0.501,0.098,0.049
02/12/2021 01:49:36 AM,0.061,0.501,0.122,0.049
02/12/2021 01:50:36 AM,0.061,0.488,18.437,0.098
02/12/2021 01:51:36 AM,0.061,0.501,18.437,0.098
02/12/2021 01:52:36 AM,0.061,0.488,18.486,0.098
02/12/2021 01:53:36 AM,0.061,0.488,18.437,0.098
02/12/2021 01:54:36 AM,0.061,0.488,18.486,0.073
02/12/2021 01:55:36 AM,0.061,0.501,18.437,0.073
02/12/2021 01:56:36 AM,0.049,0.488,18.486,0.098
02/12/2021 01:57:36 AM,0.061,0.488,18.462,0.098
02/12/2021 01:58:36 AM,0.061,0.488,18.462,0.098
02/12/2021 01:59:36 AM,0.061,0.488,18.462,0.098
02/12/2021 02:00:36 AM,0.049,0.488,18.413,0.073
02/12/2021 02:01:36 AM,0.061,0.488,0.122,0.049
02/12/2021 02:02:36 AM,0.061,0.488,0.122,0.049
02/12/2021 02:03:36 AM,0.061,0.488,0.122,0.049
02/12/2021 02:04:36 AM,0.049,0.488,0.098,0.049
02/12/2021 02:05:36 AM,0.061,0.488,0.122,0.049
02/12/2021 02:06:36 AM,0.061,0.488,0.098,0.049
02/12/2021 02:07:36 AM,0.061,0.488,0.122,0.049
02/12/2021 02:08:36 AM,0.061,0.488,0.098,0.049
02/12/2021 02:09:36 AM,0.061,0.488,0.098,0.049
02/12/2021 02:10:36 AM,0.049,0.488,0.122,0.049
02/12/2021 02:11:36 AM,0.061,0.049,0.098,0.049
02/12/2021 02:12:36 AM,0.049,0.049,0.122,0.049
02/12/2021 02:13:36 AM,0.061,0.049,0.122,0.049
02/12/2021 02:14:36 AM,0.049,0.049,0.122,0.049
02/12/2021 02:15:36 AM,0.061,0.049,0.098,0.049
02/12/2021 02:16:36 AM,0.049,0.049,0.122,0.049
02/12/2021 02:17:36 AM,0.061,0.049,0.122,0.024
02/12/2021 02:18:36 AM,0.061,0.049,0.122,0.049
02/12/2021 02:19:36 AM,0.061,0.049,0.122,0.049
02/12/2021 02:20:36 AM,0.061,0.049,0.122,0.049
02/12/2021 02:21:36 AM,0.049,0.049,0.122,0.049
02/12/2021 02:22:36 AM,0.061,0.049,0.122,0.049
02/12/2021 02:23:36 AM,0.061,0.049,0.098,0.049
02/12/2021 02:24:36 AM,0.049,0.049,0.122,0.049
02/12/2021 02:25:36 AM,0.061,0.049,0.098,0.049
02/12/2021 02:26:36 AM,0.061,0.049,0.122,0.049
02/12/2021 02:27:36 AM,0.061,0.049,0.122,0.049
02/12/2021 02:28:36 AM,0.061,0.049,0.122,0.049
02/12/2021 02:29:36 AM,0.061,0.049,0.098,0.049
02/12/2021 02:30:36 AM,0.061,0.061,0.098,0.049
02/12/2021 02:31:36 AM,0.049,0.049,0.098,0.049
02/12/2021 02:32:36 AM,0.061,0.049,0.098,0.049
02/12/2021 02:33:36 AM,0.061,0.049,0.122,0.049
02/12/2021 02:34:36 AM,0.049,0.049,0.122,0.049
02/12/2021 02:35:36 AM,0.061,0.049,0.122,0.049
02/12/2021 02:36:36 AM,0.061,0.049,0.122,0.049
02/12/2021 02:37:36 AM,0.061,0.049,0.098,0.049
02/12/2021 02:38:36 AM,0.061,0.049,0.122,0.049
02/12/2021 02:39:36 AM,0.061,0.049,0.122,0.049
02/12/2021 02:40:36 AM,0.049,0.049,0.122,0.049
02/12/2021 02:41:36 AM,0.061,0.049,0.122,0.049
02/12/2021 02:42:36 AM,0.049,0.061,0.098,0.049
02/12/2021 02:43:36 AM,0.061,0.049,0.122,0.049
02/12/2021 02:44:36 AM,0.061,0.049,0.098,0.049
02/12/2021 02:45:36 AM,0.061,0.049,0.098,0.049
02/12/2021 02:46:36 AM,0.061,0.061,0.098,0.049
02/12/2021 02:47:36 AM,0.061,0.049,0.098,0.049
02/12/2021 02:48:36 AM,0.061,0.061,0.098,0.049
02/12/2021 02:49:36 AM,0.061,0.049,0.122,0.073
02/12/2021 02:50:36 AM,0.061,0.049,0.122,0.049
02/12/2021 02:51:36 AM,0.061,0.061,0.098,0.049
02/12/2021 02:52:36 AM,0.061,0.049,0.122,0.073
02/12/2021 02:53:36 AM,0.061,0.061,0.073,0.049
02/12/2021 02:54:36 AM,0.061,0.562,0.122,0.049
02/12/2021 02:55:36 AM,0.061,0.549,0.122,0.049
02/12/2021 02:56:36 AM,0.061,0.549,0.098,0.049
02/12/2021 02:57:36 AM,0.061,0.549,0.098,0.049
02/12/2021 02:58:36 AM,0.061,0.549,0.098,0.049
02/12/2021 02:59:36 AM,0.073,0.537,0.098,0.049
02/12/2021 03:00:36 AM,0.061,0.574,0.098,0.049
02/12/2021 03:01:36 AM,0.061,0.586,0.098,0.049
02/12/2021 03:02:36 AM,0.061,0.598,0.122,0.073
02/12/2021 03:03:36 AM,0.061,0.586,0.122,0.073
02/12/2021 03:04:36 AM,0.061,0.598,0.098,0.049
02/12/2021 03:05:36 AM,0.061,0.598,0.122,0.049
02/12/2021 03:06:36 AM,0.061,0.586,18.510,0.098
02/12/2021 03:07:36 AM,0.061,0.586,18.486,0.098
02/12/2021 03:08:36 AM,0.061,0.598,18.510,0.098
02/12/2021 03:09:36 AM,0.049,0.598,18.510,0.098
02/12/2021 03:10:36 AM,0.061,0.586,18.486,0.098
02/12/2021 03:11:36 AM,0.061,0.586,18.462,0.073
02/12/2021 03:12:36 AM,0.061,0.586,18.486,0.098
02/12/2021 03:13:36 AM,0.061,0.586,18.535,0.098
02/12/2021 03:14:36 AM,0.049,0.586,18.486,0.098
02/12/2021 03:15:36 AM,0.061,0.574,18.486,0.098
02/12/2021 03:16:36 AM,0.061,0.696,0.122,0.049
02/12/2021 03:17:36 AM,0.061,0.586,0.122,0.049
02/12/2021 03:18:36 AM,0.049,0.586,0.122,0.049
02/12/2021 03:19:36 AM,0.061,0.586,0.122,0.049
02/12/2021 03:20:36 AM,0.061,0.586,0.122,0.073
02/12/2021 03:21:36 AM,0.049,0.586,0.122,0.049
02/12/2021 03:22:36 AM,0.061,0.586,0.122,0.049
02/12/2021 03:23:36 AM,0.061,0.586,0.122,0.049
02/12/2021 03:24:36 AM,0.061,0.586,0.122,0.049
02/12/2021 03:25:36 AM,0.049,0.562,0.122,0.049
02/12/2021 03:26:36 AM,0.061,0.537,0.098,0.049
02/12/2021 03:27:36 AM,0.061,0.525,0.122,0.073
02/12/2021 03:28:36 AM,0.061,0.525,0.098,0.049
02/12/2021 03:29:36 AM,0.061,0.513,0.098,0.049
02/12/2021 03:30:36 AM,0.061,0.513,0.122,0.049
02/12/2021 03:31:36 AM,0.061,0.513,0.122,0.049
02/12/2021 03:32:36 AM,0.061,0.513,0.122,0.073
02/12/2021 03:33:36 AM,0.061,0.513,0.098,0.049
02/12/2021 03:34:36 AM,0.061,0.501,0.098,0.049
02/12/2021 03:35:36 AM,0.061,0.501,0.122,0.073
02/12/2021 03:36:36 AM,0.061,0.501,0.098,0.049
02/12/2021 03:37:36 AM,0.049,0.501,0.122,0.049
02/12/2021 03:38:36 AM,0.061,0.501,0.098,0.049
02/12/2021 03:39:36 AM,0.061,0.501,0.122,0.830
02/12/2021 03:40:36 AM,0.061,0.501,0.098,0.733
02/12/2021 03:41:36 AM,0.061,0.501,0.122,0.733
02/12/2021 03:42:36 AM,0.061,0.501,0.122,0.708
02/12/2021 03:43:36 AM,0.061,0.501,0.122,0.708
02/12/2021 03:44:36 AM,0.049,0.501,0.098,0.708
02/12/2021 03:45:36 AM,0.061,0.501,0.122,0.708
02/12/2021 03:46:36 AM,0.061,0.611,0.122,0.708
02/12/2021 03:47:36 AM,0.049,0.488,0.098,0.708
02/12/2021 03:48:36 AM,0.061,0.501,0.122,0.684
02/12/2021 03:49:36 AM,0.061,0.501,0.122,0.684
02/12/2021 03:50:36 AM,0.061,0.501,0.098,0.684
02/12/2021 03:51:36 AM,0.049,0.501,0.122,0.684
02/12/2021 03:52:36 AM,0.061,0.488,0.098,0.684
02/12/2021 03:53:36 AM,0.073,0.488,0.098,0.684
02/12/2021 03:54:36 AM,0.061,0.488,0.122,0.684
02/12/2021 03:55:36 AM,0.061,0.488,0.122,0.684
02/12/2021 03:56:36 AM,0.061,0.049,0.122,0.684
02/12/2021 03:57:36 AM,0.061,0.061,0.098,0.684
02/12/2021 03:58:36 AM,0.049,0.061,0.122,0.684
02/12/2021 03:59:36 AM,0.061,0.049,0.122,0.659
02/12/2021 04:00:36 AM,0.061,0.049,0.122,0.684
02/12/2021 04:01:36 AM,0.061,0.049,0.098,0.684
02/12/2021 04:02:36 AM,0.061,0.049,0.098,0.659
02/12/2021 04:03:36 AM,0.061,0.049,0.098,0.684
02/12/2021 04:04:36 AM,0.061,0.049,0.098,0.659
02/12/2021 04:05:36 AM,0.049,0.061,0.122,0.684
02/12/2021 04:06:36 AM,0.061,0.049,0.098,0.684
02/12/2021 04:07:36 AM,0.061,0.049,0.098,0.659
02/12/2021 04:08:36 AM,0.061,0.061,0.098,0.684
02/12/2021 04:09:36 AM,0.061,0.049,0.122,0.684
02/12/2021 04:10:36 AM,0.061,0.061,0.098,0.659
02/12/2021 04:11:36 AM,0.061,0.061,0.098,0.659
02/12/2021 04:12:36 AM,0.061,0.061,0.098,0.659
02/12/2021 04:13:36 AM,0.049,0.049,0.122,0.684
02/12/2021 04:14:36 AM,0.061,0.061,0.098,0.684
02/12/2021 04:15:36 AM,0.061,0.061,0.098,0.659
02/12/2021 04:16:36 AM,0.061,0.061,0.122,0.659
02/12/2021 04:17:36 AM,0.061,0.049,0.098,0.684
02/12/2021 04:18:36 AM,0.061,0.049,0.098,0.659
02/12/2021 04:19:36 AM,0.061,0.061,0.098,0.684
02/12/2021 04:20:36 AM,0.061,0.061,0.122,0.659
02/12/2021 04:21:36 AM,0.061,0.049,0.122,0.659
02/12/2021 04:22:36 AM,0.061,0.061,0.122,0.659
02/12/2021 04:23:36 AM,0.061,0.049,0.122,0.659
02/12/2021 04:24:36 AM,0.061,0.049,0.122,0.659
02/12/2021 04:25:36 AM,0.061,0.049,0.122,0.659
02/12/2021 04:26:36 AM,0.049,0.049,0.122,0.684
02/12/2021 04:27:36 AM,0.061,0.049,0.098,0.684
02/12/2021 04:28:36 AM,0.061,0.049,0.098,0.659
02/12/2021 04:29:36 AM,0.061,0.061,0.098,0.659
02/12/2021 04:30:36 AM,0.061,0.049,0.122,0.659
02/12/2021 04:31:36 AM,0.049,0.049,0.122,0.659
02/12/2021 04:32:36 AM,0.061,0.061,18.437,0.733
02/12/2021 04:33:36 AM,0.061,0.061,18.486,0.733
02/12/2021 04:34:36 AM,0.049,0.049,18.413,0.733
02/12/2021 04:35:36 AM,0.061,0.049,18.437,0.733
02/12/2021 04:36:36 AM,0.061,0.049,18.486,0.733
02/12/2021 04:37:36 AM,0.061,0.061,18.413,0.733
02/12/2021 04:38:36 AM,0.061,0.061,18.437,0.733
02/12/2021 04:39:36 AM,0.061,0.562,18.437,0.733
02/12/2021 04:40:36 AM,0.061,0.562,18.486,0.733
02/12/2021 04:41:36 AM,0.061,0.549,18.437,0.733
02/12/2021 04:42:36 AM,0.061,0.549,18.486,0.733
02/12/2021 04:43:36 AM,0.049,0.574,0.122,0.659
02/12/2021 04:44:36 AM,0.049,0.586,0.122,0.659
02/12/2021 04:45:36 AM,0.073,0.598,0.122,0.659
02/12/2021 04:46:36 AM,0.061,0.708,0.122,0.659
02/12/2021 04:47:36 AM,0.061,0.598,0.098,0.659
02/12/2021 04:48:36 AM,0.061,0.586,0.098,0.659
02/12/2021 04:49:36 AM,0.073,0.598,0.098,0.659
02/12/2021 04:50:36 AM,0.061,0.598,0.098,0.659
02/12/2021 04:51:36 AM,0.049,0.598,0.122,0.659
02/12/2021 04:52:36 AM,0.061,0.598,0.098,0.659
02/12/2021 04:53:36 AM,0.061,0.598,0.122,0.659
02/12/2021 04:54:36 AM,0.061,0.598,0.122,0.659
02/12/2021 04:55:36 AM,0.073,0.586,0.098,0.659
02/12/2021 04:56:36 AM,0.049,0.598,0.122,0.659
02/12/2021 04:57:36 AM,0.061,0.586,0.098,0.659
02/12/2021 04:58:36 AM,0.061,0.586,0.098,0.659
02/12/2021 04:59:36 AM,0.061,0.586,0.098,0.659
02/12/2021 05:00:36 AM,0.061,0.598,0.098,0.659
02/12/2021 05:01:36 AM,0.061,0.598,0.098,0.659
02/12/2021 05:02:36 AM,0.061,0.598,0.098,0.659
02/12/2021 05:03:36 AM,0.061,0.598,0.098,0.659
02/12/2021 05:04:36 AM,0.061,0.598,0.122,0.659
02/12/2021 05:05:36 AM,0.073,0.598,0.098,0.659
02/12/2021 05:06:36 AM,0.049,0.598,0.122,0.659
02/12/2021 05:07:36 AM,0.061,0.598,0.098,0.659
02/12/2021 05:08:36 AM,0.049,0.586,0.122,0.659
02/12/2021 05:09:36 AM,0.061,0.562,0.098,0.635
02/12/2021 05:10:36 AM,0.061,0.549,0.122,0.635
02/12/2021 05:11:36 AM,0.061,0.549,0.098,0.659
02/12/2021 05:12:36 AM,0.061,0.537,0.098,0.659
02/12/2021 05:13:36 AM,0.061,0.537,0.122,0.659
02/12/2021 05:14:36 AM,0.049,0.537,0.098,0.659
02/12/2021 05:15:36 AM,0.061,0.537,0.098,0.659
02/12/2021 05:16:36 AM,0.061,0.647,0.098,0.659
02/12/2021 05:17:36 AM,0.061,0.525,0.122,0.659
02/12/2021 05:18:36 AM,0.061,0.525,0.122,0.635
02/12/2021 05:19:36 AM,0.073,0.525,0.098,0.659
02/12/2021 05:20:36 AM,0.061,0.525,0.122,0.659
02/12/2021 05:21:36 AM,0.061,0.525,0.122,0.049
02/12/2021 05:22:36 AM,0.061,0.525,0.098,0.049
02/12/2021 05:23:36 AM,0.049,0.525,0.098,0.049
02/12/2021 05:24:36 AM,0.049,0.525,0.122,0.073
02/12/2021 05:25:36 AM,0.049,0.525,0.122,0.049
02/12/2021 05:26:36 AM,0.049,0.525,0.122,0.049
02/12/2021 05:27:36 AM,0.061,0.525,0.122,0.049
02/12/2021 05:28:36 AM,0.061,0.513,0.098,0.049
02/12/2021 05:29:36 AM,0.061,0.513,0.098,0.049
02/12/2021 05:30:36 AM,0.061,1.368,0.098,0.049
02/12/2021 05:31:36 AM,0.061,1.355,0.098,0.049
02/12/2021 05:32:36 AM,0.061,1.355,0.098,0.049
02/12/2021 05:33:36 AM,0.061,1.355,0.122,0.049
02/12/2021 05:34:36 AM,0.061,1.343,0.122,0.049
02/12/2021 05:35:36 AM,0.061,1.343,0.122,0.049
02/12/2021 05:36:36 AM,0.061,1.355,0.122,0.073
02/12/2021 05:37:36 AM,0.061,1.343,0.122,0.049
02/12/2021 05:38:36 AM,0.061,1.343,0.098,0.049
02/12/2021 05:39:36 AM,0.061,1.343,0.098,0.049
02/12/2021 05:40:36 AM,0.061,1.343,0.122,0.073
02/12/2021 05:41:36 AM,0.061,1.343,0.098,0.049
02/12/2021 05:42:36 AM,0.061,1.355,0.122,0.049
02/12/2021 05:43:36 AM,0.061,1.343,0.098,0.049
02/12/2021 05:44:36 AM,0.061,1.355,0.122,0.049
02/12/2021 05:45:36 AM,0.061,1.343,0.122,0.073
02/12/2021 05:46:36 AM,0.061,1.465,0.122,0.049
02/12/2021 05:47:36 AM,0.049,1.355,0.098,0.049
02/12/2021 05:48:36 AM,0.061,1.343,0.122,0.073
02/12/2021 05:49:36 AM,0.061,1.343,0.122,0.049
02/12/2021 05:50:36 AM,0.061,1.355,0.122,0.049
02/12/2021 05:51:36 AM,0.061,1.355,0.122,0.049
02/12/2021 05:52:36 AM,0.061,1.355,0.122,0.049
02/12/2021 05:53:36 AM,0.061,1.355,0.122,0.049
02/12/2021 05:54:36 AM,0.061,1.355,0.122,0.073
02/12/2021 05:55:36 AM,0.061,1.343,0.122,0.073
02/12/2021 05:56:36 AM,0.061,1.343,0.098,0.049
02/12/2021 05:57:36 AM,0.061,1.343,0.122,0.049
02/12/2021 05:58:36 AM,0.061,0.061,0.098,0.049
02/12/2021 05:59:36 AM,0.061,0.049,0.122,0.049
02/12/2021 06:00:36 AM,0.049,0.049,0.122,0.049
02/12/2021 06:01:36 AM,0.061,0.061,0.098,0.049
02/12/2021 06:02:36 AM,0.061,0.061,0.098,0.049
02/12/2021 06:03:36 AM,0.061,0.049,0.122,0.073
02/12/2021 06:04:36 AM,0.061,0.049,18.315,0.098
02/12/2021 06:05:36 AM,0.061,0.049,18.193,0.098
02/12/2021 06:06:36 AM,0.061,0.061,18.266,0.098
02/12/2021 06:07:36 AM,0.049,0.049,18.291,0.098
02/12/2021 06:08:36 AM,0.061,0.061,18.291,0.073
02/12/2021 06:09:36 AM,0.061,0.049,18.291,0.098
02/12/2021 06:10:36 AM,0.061,0.049,18.315,0.098
02/12/2021 06:11:36 AM,0.049,0.586,18.315,0.073
02/12/2021 06:12:36 AM,0.061,0.598,18.339,0.098
02/12/2021 06:13:36 AM,0.061,0.623,18.291,0.098
02/12/2021 06:14:36 AM,0.061,0.623,18.339,0.098
02/12/2021 06:15:36 AM,0.061,0.635,0.122,0.073
02/12/2021 06:16:36 AM,0.049,0.745,0.098,0.049
02/12/2021 06:17:36 AM,0.061,0.635,0.122,0.049
02/12/2021 06:18:36 AM,0.061,0.623,0.122,0.049
02/12/2021 06:19:36 AM,0.061,0.623,0.122,0.049
02/12/2021 06:20:36 AM,0.061,0.611,0.122,0.049
02/12/2021 06:21:36 AM,0.049,0.611,0.122,0.049
02/12/2021 06:22:36 AM,0.061,0.598,0.098,0.049
02/12/2021 06:23:36 AM,0.061,0.611,0.122,0.049
02/12/2021 06:24:36 AM,0.061,0.623,0.122,0.049
02/12/2021 06:25:36 AM,0.061,0.635,0.098,0.049
02/12/2021 06:26:36 AM,0.061,0.623,0.098,0.049
02/12/2021 06:27:36 AM,0.061,0.635,0.122,0.049
02/12/2021 06:28:36 AM,0.061,0.635,0.098,0.049
02/12/2021 06:29:36 AM,0.073,0.623,0.098,0.049
02/12/2021 06:30:36 AM,0.061,0.635,0.098,0.049
02/12/2021 06:31:36 AM,0.061,0.635,0.098,0.049
02/12/2021 06:32:36 AM,0.061,0.623,0.098,0.049
02/12/2021 06:33:36 AM,0.061,0.623,0.122,0.073
02/12/2021 06:34:36 AM,0.061,0.623,0.098,0.049
02/12/2021 06:35:36 AM,0.061,0.623,0.098,0.049
02/12/2021 06:36:36 AM,0.061,0.623,0.122,0.049
02/12/2021 06:37:36 AM,0.061,0.623,0.098,0.049
02/12/2021 06:38:36 AM,0.061,0.623,0.122,0.073
02/12/2021 06:39:36 AM,0.061,0.635,0.122,0.049
02/12/2021 06:40:36 AM,0.049,0.623,0.122,0.049
02/12/2021 06:41:36 AM,0.061,0.611,0.122,0.073
02/12/2021 06:42:36 AM,0.061,0.623,0.122,0.049
02/12/2021 06:43:36 AM,0.061,0.611,0.098,0.049
02/12/2021 06:44:36 AM,0.061,0.611,0.098,0.049
02/12/2021 06:45:36 AM,0.061,0.611,0.098,0.049
02/12/2021 06:46:36 AM,0.061,0.720,0.122,0.049
02/12/2021 06:47:36 AM,0.061,0.611,0.098,0.049
02/12/2021 06:48:36 AM,0.061,0.598,0.098,0.049
02/12/2021 06:49:36 AM,0.061,0.574,0.122,0.073
02/12/2021 06:50:36 AM,0.061,0.562,0.122,0.049
02/12/2021 06:51:36 AM,0.061,0.549,0.098,0.073
02/12/2021 06:52:36 AM,0.061,0.549,0.098,0.049
02/12/2021 06:53:36 AM,0.049,0.549,0.098,0.049
02/12/2021 06:54:36 AM,0.061,0.537,0.098,0.073
02/12/2021 06:55:36 AM,0.061,0.525,0.098,0.049
02/12/2021 06:56:36 AM,0.061,0.525,0.122,0.073
02/12/2021 06:57:36 AM,0.061,0.525,0.122,0.073
02/12/2021 06:58:36 AM,0.061,0.525,0.098,0.049
02/12/2021 06:59:36 AM,0.061,0.525,0.098,0.049
02/12/2021 07:00:36 AM,0.061,0.525,0.122,0.049
02/12/2021 07:01:36 AM,0.061,0.525,0.098,0.049
02/12/2021 07:02:36 AM,0.061,0.525,0.122,0.073
02/12/2021 07:03:36 AM,0.073,0.513,0.098,0.073
02/12/2021 07:04:36 AM,0.073,0.525,0.122,0.049
02/12/2021 07:05:36 AM,0.061,0.513,0.122,0.049
02/12/2021 07:06:36 AM,0.061,0.513,0.098,0.073
02/12/2021 07:07:36 AM,0.061,0.513,0.098,0.049
02/12/2021 07:08:36 AM,0.049,0.513,0.122,0.049
02/12/2021 07:09:36 AM,0.061,0.513,0.098,0.049
02/12/2021 07:10:36 AM,0.061,0.513,0.122,0.073
02/12/2021 07:11:36 AM,0.061,0.513,0.122,0.073
02/12/2021 07:12:36 AM,0.061,0.513,0.122,0.049
02/12/2021 07:13:36 AM,0.049,0.513,0.122,0.049
02/12/2021 07:14:36 AM,0.061,0.501,0.122,0.073
02/12/2021 07:15:36 AM,0.073,0.513,0.098,0.049
02/12/2021 07:16:36 AM,0.061,0.611,0.122,0.049
02/12/2021 07:17:36 AM,0.061,0.513,0.098,0.049
02/12/2021 07:18:36 AM,0.061,0.513,0.098,0.049
02/12/2021 07:19:36 AM,0.061,0.513,0.122,0.073
02/12/2021 07:20:36 AM,0.061,0.513,0.098,0.049
02/12/2021 07:21:36 AM,0.061,0.501,0.098,0.049
02/12/2021 07:22:36 AM,0.061,0.501,0.122,0.073
02/12/2021 07:23:36 AM,0.061,0.501,0.098,0.049
02/12/2021 07:24:36 AM,0.061,0.513,0.098,0.049
02/12/2021 07:25:36 AM,0.061,0.501,0.098,0.049
02/12/2021 07:26:36 AM,0.061,0.501,0.122,0.049
02/12/2021 07:27:36 AM,0.061,0.501,0.122,0.049
02/12/2021 07:28:36 AM,0.061,0.501,0.122,0.073
02/12/2021 07:29:36 AM,0.073,0.501,0.098,0.073
02/12/2021 07:30:36 AM,0.061,0.501,0.122,0.049
02/12/2021 07:31:36 AM,0.061,0.501,0.122,0.049
02/12/2021 07:32:36 AM,0.061,0.501,0.122,0.049
02/12/2021 07:33:36 AM,0.061,0.501,0.098,0.049
02/12/2021 07:34:36 AM,0.061,0.501,0.098,0.024
02/12/2021 07:35:36 AM,0.061,0.464,18.168,0.098
02/12/2021 07:36:36 AM,0.061,0.501,18.168,0.098
02/12/2021 07:37:36 AM,0.061,0.488,18.144,0.098
02/12/2021 07:38:36 AM,0.061,0.501,18.046,0.098
02/12/2021 07:39:36 AM,0.061,0.488,18.120,0.098
02/12/2021 07:40:36 AM,0.061,0.488,18.071,0.073
02/12/2021 07:41:36 AM,0.049,0.488,18.120,0.098
02/12/2021 07:42:36 AM,0.061,0.501,18.144,0.098
02/12/2021 07:43:36 AM,0.061,0.488,18.168,0.098
02/12/2021 07:44:36 AM,0.049,0.488,18.144,0.073
02/12/2021 07:45:36 AM,0.061,0.488,18.168,0.073
02/12/2021 07:46:36 AM,0.049,0.598,18.168,0.098
02/12/2021 07:47:36 AM,0.061,0.488,18.168,0.098
02/12/2021 07:48:36 AM,0.061,0.488,0.122,0.049
02/12/2021 07:49:36 AM,0.061,0.501,0.122,0.049
02/12/2021 07:50:36 AM,0.049,0.488,0.098,0.049
02/12/2021 07:51:36 AM,0.061,0.488,0.098,0.049
02/12/2021 07:52:36 AM,0.061,0.501,0.122,0.073
02/12/2021 07:53:36 AM,0.061,0.488,0.098,0.049
02/12/2021 07:54:36 AM,0.061,0.488,0.098,0.049
02/12/2021 07:55:36 AM,0.061,0.049,0.122,0.049
02/12/2021 07:56:36 AM,0.061,0.049,0.098,0.049
02/12/2021 07:57:36 AM,0.049,0.049,0.098,0.049
02/12/2021 07:58:36 AM,0.061,0.049,0.122,0.049
02/12/2021 07:59:36 AM,0.061,0.049,0.122,0.073
02/12/2021 08:00:36 AM,0.061,0.049,0.098,0.049
02/12/2021 08:01:36 AM,0.061,0.061,0.098,0.049
02/12/2021 08:02:36 AM,0.049,0.049,0.098,0.049
02/12/2021 08:03:36 AM,0.061,0.061,0.098,0.049
02/12/2021 08:04:36 AM,0.061,0.061,0.098,0.049
02/12/2021 08:05:36 AM,0.061,0.049,0.122,0.073
02/12/2021 08:06:36 AM,0.061,0.049,0.122,0.049
02/12/2021 08:07:36 AM,0.061,0.061,0.098,0.049
02/12/2021 08:08:36 AM,0.061,0.061,0.122,0.049
02/12/2021 08:09:36 AM,0.061,0.049,0.122,0.073
02/12/2021 08:10:36 AM,0.061,0.061,0.098,0.049
02/12/2021 08:11:36 AM,0.061,0.049,0.098,0.049
02/12/2021 08:12:36 AM,0.061,0.049,0.122,0.049
02/12/2021 08:13:36 AM,0.061,0.049,0.122,0.073
02/12/2021 08:14:36 AM,0.061,0.049,0.098,0.049
02/12/2021 08:15:36 AM,6.557,0.061,0.122,0.049
02/12/2021 08:16:36 AM,0.061,0.061,0.122,0.073
02/12/2021 08:17:36 AM,0.061,0.049,0.098,0.049
02/12/2021 08:18:36 AM,0.061,0.061,0.098,0.049
02/12/2021 08:19:36 AM,0.061,0.049,0.122,0.049
02/12/2021 08:20:36 AM,0.049,0.049,0.122,0.049
02/12/2021 08:21:36 AM,0.061,0.049,0.122,0.049
02/12/2021 08:22:36 AM,0.061,0.049,0.122,0.073
02/12/2021 08:23:36 AM,0.049,0.049,0.098,0.049
02/12/2021 08:24:36 AM,0.061,0.061,0.098,0.855
02/12/2021 08:25:36 AM,0.061,0.049,0.122,0.757
02/12/2021 08:26:36 AM,0.061,0.061,0.098,0.757
02/12/2021 08:27:36 AM,0.061,0.049,0.122,0.733
02/12/2021 08:28:36 AM,0.061,0.049,0.122,0.708
02/12/2021 08:29:36 AM,0.061,0.061,0.122,0.708
02/12/2021 08:30:36 AM,0.061,0.049,0.122,0.708
02/12/2021 08:31:36 AM,0.061,0.037,0.122,0.708
02/12/2021 08:32:36 AM,0.049,0.061,0.098,0.708
02/12/2021 08:33:36 AM,0.061,0.061,0.098,0.708
02/12/2021 08:34:36 AM,0.061,0.049,0.122,0.708
02/12/2021 08:35:36 AM,0.061,0.049,0.098,0.708
02/12/2021 08:36:36 AM,0.061,0.061,0.098,0.708
02/12/2021 08:37:36 AM,0.061,0.574,0.098,0.708
02/12/2021 08:38:36 AM,0.061,0.562,0.098,0.708
02/12/2021 08:39:36 AM,0.061,0.562,0.098,0.684
02/12/2021 08:40:36 AM,0.061,0.562,0.122,0.708
02/12/2021 08:41:36 AM,0.061,0.562,0.122,0.708
02/12/2021 08:42:36 AM,0.061,0.586,0.098,0.708
02/12/2021 08:43:36 AM,0.061,0.598,0.098,0.684
02/12/2021 08:44:36 AM,0.073,0.611,0.098,0.684
02/12/2021 08:45:36 AM,0.061,0.611,0.098,0.708
02/12/2021 08:46:36 AM,0.061,0.623,0.098,0.684
02/12/2021 08:47:36 AM,0.049,0.647,0.122,0.708
02/12/2021 08:48:36 AM,0.061,0.647,0.098,0.684
02/12/2021 08:49:36 AM,0.061,0.647,0.098,0.684
02/12/2021 08:50:36 AM,0.061,0.635,0.098,0.684
02/12/2021 08:51:36 AM,0.061,0.635,0.098,0.708
02/12/2021 08:52:36 AM,0.061,0.635,0.122,0.684
02/12/2021 08:53:36 AM,0.061,0.635,0.098,0.708
02/12/2021 08:54:36 AM,0.061,0.623,0.098,0.684
02/12/2021 08:55:36 AM,0.061,0.623,0.098,0.684
02/12/2021 08:56:36 AM,0.073,0.586,0.122,0.684
02/12/2021 08:57:36 AM,0.049,0.623,0.122,0.684
02/12/2021 08:58:36 AM,0.061,0.623,0.122,0.684
02/12/2021 08:59:36 AM,0.061,0.611,0.122,0.684
02/12/2021 09:00:36 AM,0.061,0.623,0.122,0.684
02/12/2021 09:01:36 AM,0.061,0.623,0.098,0.684
02/12/2021 09:02:36 AM,0.061,0.611,0.122,0.684
02/12/2021 09:03:36 AM,0.061,0.611,0.098,0.684
02/12/2021 09:04:36 AM,0.061,0.611,0.122,0.684
02/12/2021 09:05:36 AM,0.061,0.611,0.098,0.684
02/12/2021 09:06:36 AM,0.061,0.611,0.098,0.684
02/12/2021 09:07:36 AM,0.049,0.598,0.122,0.684
02/12/2021 09:08:36 AM,0.061,0.574,0.098,0.684
02/12/2021 09:09:36 AM,0.061,0.562,0.122,0.684
02/12/2021 09:10:36 AM,0.061,0.549,0.122,0.684
02/12/2021 09:11:36 AM,0.061,0.549,0.122,0.684
02/12/2021 09:12:36 AM,0.073,0.549,0.122,0.659
02/12/2021 09:13:36 AM,0.061,0.537,18.242,0.757
02/12/2021 09:14:36 AM,0.061,0.537,18.144,0.733
02/12/2021 09:15:36 AM,0.061,0.525,18.120,0.757
02/12/2021 09:16:36 AM,0.061,0.525,18.120,0.757
02/12/2021 09:17:36 AM,0.073,0.574,18.095,0.806
02/12/2021 09:18:36 AM,0.061,0.513,18.144,0.757
02/12/2021 09:19:36 AM,0.061,0.525,18.168,0.757
02/12/2021 09:20:36 AM,0.061,0.525,18.193,0.757
02/12/2021 09:21:36 AM,0.061,0.525,18.095,0.757
02/12/2021 09:22:36 AM,0.049,0.525,18.071,0.757
02/12/2021 09:23:36 AM,0.061,0.513,18.120,0.757
02/12/2021 09:24:36 AM,0.061,0.513,18.120,0.757
02/12/2021 09:25:36 AM,0.073,0.513,18.071,0.733
02/12/2021 09:26:36 AM,0.061,0.513,0.122,0.684
02/12/2021 09:27:36 AM,0.061,0.513,0.122,0.684
02/12/2021 09:28:36 AM,0.061,0.513,0.122,0.684
02/12/2021 09:29:36 AM,0.061,0.513,0.122,0.684
02/12/2021 09:30:36 AM,0.061,0.513,0.122,0.659
02/12/2021 09:31:36 AM,0.061,0.513,0.098,0.684
02/12/2021 09:32:36 AM,0.061,0.513,0.122,0.708
02/12/2021 09:33:36 AM,0.061,0.501,0.098,0.684
02/12/2021 09:34:36 AM,0.061,0.549,0.122,0.684
02/12/2021 09:35:36 AM,0.061,0.476,0.098,0.659
02/12/2021 09:36:36 AM,0.073,0.525,0.122,0.684
02/12/2021 09:37:36 AM,0.061,0.525,0.122,0.684
02/12/2021 09:38:36 AM,0.061,0.525,0.122,0.684
02/12/2021 09:39:36 AM,0.061,0.537,0.098,0.684
02/12/2021 09:40:36 AM,0.061,0.525,0.122,0.684
02/12/2021 09:41:36 AM,0.061,0.525,0.122,0.684
02/12/2021 09:42:36 AM,0.073,0.525,0.122,0.684
02/12/2021 09:43:36 AM,0.073,0.525,0.122,0.684
02/12/2021 09:44:36 AM,0.061,0.586,0.122,0.684
02/12/2021 09:45:36 AM,0.049,0.513,0.122,0.684
02/12/2021 09:46:36 AM,0.061,0.513,0.098,0.659
02/12/2021 09:47:36 AM,0.061,0.525,0.098,0.684
02/12/2021 09:48:36 AM,0.061,0.525,0.122,0.635
02/12/2021 09:49:36 AM,0.061,0.513,0.098,0.659
02/12/2021 09:50:36 AM,0.049,0.513,0.098,0.659
02/12/2021 09:51:36 AM,0.061,0.513,0.122,0.659
02/12/2021 09:52:36 AM,0.061,0.513,0.122,0.659
02/12/2021 09:53:36 AM,0.061,0.513,0.098,0.659
02/12/2021 09:54:36 AM,0.061,0.513,18.046,0.757
02/12/2021 09:55:36 AM,0.061,0.513,18.095,0.733
02/12/2021 09:56:36 AM,0.061,0.513,18.071,0.757
02/12/2021 09:57:36 AM,0.061,0.513,18.071,0.757
02/12/2021 09:58:36 AM,0.061,0.513,18.071,0.733
02/12/2021 09:59:36 AM,0.061,0.537,18.095,0.757
02/12/2021 10:00:36 AM,0.061,0.525,18.120,0.733
02/12/2021 10:01:36 AM,0.049,0.525,18.071,0.733
02/12/2021 10:02:36 AM,0.061,0.525,18.095,0.733
02/12/2021 10:03:36 AM,0.061,0.525,18.022,0.733
02/12/2021 10:04:36 AM,0.061,0.525,18.071,0.098
02/12/2021 10:05:36 AM,0.049,0.525,18.095,0.073
02/12/2021 10:06:36 AM,6.532,0.537,18.046,0.098
02/12/2021 10:07:36 AM,0.061,0.513,18.120,0.073
02/12/2021 10:08:36 AM,0.061,0.476,18.095,0.098
02/12/2021 10:09:36 AM,0.061,0.525,18.120,0.098
02/12/2021 10:10:36 AM,0.061,0.513,18.120,0.098
02/12/2021 10:11:36 AM,0.061,0.525,18.120,0.098
02/12/2021 10:12:36 AM,0.061,0.513,18.193,0.098
02/12/2021 10:13:36 AM,0.061,0.916,18.144,0.098
02/12/2021 10:14:36 AM,0.061,0.513,18.242,0.098
02/12/2021 10:15:36 AM,0.049,0.513,0.147,0.049
02/12/2021 10:16:36 AM,0.061,0.513,0.122,0.049
02/12/2021 10:17:36 AM,0.049,0.623,0.122,0.073
02/12/2021 10:18:36 AM,0.061,0.513,0.098,0.049
02/12/2021 10:19:36 AM,0.061,0.513,0.122,0.049
02/12/2021 10:20:36 AM,0.061,0.513,0.122,0.049
02/12/2021 10:21:36 AM,0.061,0.513,0.098,0.049
02/12/2021 10:22:36 AM,0.061,0.513,0.098,0.049
02/12/2021 10:23:36 AM,0.061,0.513,0.122,0.073
02/12/2021 10:24:36 AM,0.049,0.513,0.098,0.049
02/12/2021 10:25:36 AM,0.061,0.513,0.122,0.049
02/12/2021 10:26:36 AM,0.061,0.513,0.122,0.049
02/12/2021 10:27:36 AM,0.061,0.513,0.122,0.049
02/12/2021 10:28:36 AM,0.049,0.513,0.122,0.073
02/12/2021 10:29:36 AM,0.061,0.501,0.098,0.049
02/12/2021 10:30:36 AM,0.061,0.513,0.098,0.049
02/12/2021 10:31:36 AM,0.061,0.501,0.122,0.049
02/12/2021 10:32:36 AM,0.061,0.513,0.122,0.073
02/12/2021 10:33:36 AM,0.061,0.513,0.098,0.049
02/12/2021 10:34:36 AM,0.061,0.513,0.122,0.049
02/12/2021 10:35:36 AM,0.061,0.562,0.122,0.049
02/12/2021 10:36:36 AM,0.061,0.513,0.122,0.049
02/12/2021 10:37:36 AM,0.049,0.513,0.122,0.049
02/12/2021 10:38:36 AM,0.061,0.513,0.122,0.073
02/12/2021 10:39:36 AM,0.061,0.513,0.098,0.049
02/12/2021 10:40:36 AM,0.061,0.513,0.122,0.049
02/12/2021 10:41:36 AM,0.061,0.549,0.098,0.073
02/12/2021 10:42:36 AM,0.061,0.513,0.098,0.049
02/12/2021 10:43:36 AM,0.073,0.525,0.122,0.049
02/12/2021 10:44:36 AM,0.061,0.525,0.122,0.049
02/12/2021 10:45:36 AM,0.061,0.537,0.122,0.073
02/12/2021 10:46:36 AM,0.061,0.562,0.098,0.049
02/12/2021 10:47:36 AM,0.061,0.696,0.122,0.049
02/12/2021 10:48:36 AM,0.061,0.598,0.122,0.049
02/12/2021 10:49:36 AM,0.061,0.574,0.098,0.049
02/12/2021 10:50:36 AM,0.061,0.623,0.122,0.049
02/12/2021 10:51:36 AM,0.061,0.574,0.122,0.049
02/12/2021 10:52:36 AM,0.061,0.623,0.122,0.073
02/12/2021 10:53:36 AM,0.061,0.623,0.122,0.073
02/12/2021 10:54:36 AM,0.061,0.623,0.122,0.049
02/12/2021 10:55:36 AM,0.049,0.623,0.122,0.073
02/12/2021 10:56:36 AM,0.061,0.623,0.122,0.049
02/12/2021 10:57:36 AM,0.061,0.623,0.098,0.049
02/12/2021 10:58:36 AM,0.061,0.623,0.122,0.049
02/12/2021 10:59:36 AM,0.061,0.623,0.098,0.049
02/12/2021 11:00:36 AM,0.061,0.623,0.098,0.049
02/12/2021 11:01:36 AM,0.061,0.623,0.122,0.073
02/12/2021 11:02:36 AM,0.061,0.623,0.122,0.073
02/12/2021 11:03:36 AM,0.061,0.623,0.098,0.049
02/12/2021 11:04:36 AM,0.061,0.623,0.098,0.049
02/12/2021 11:05:36 AM,0.061,0.623,0.122,0.073
02/12/2021 11:06:36 AM,0.073,0.623,0.122,0.049
02/12/2021 11:07:36 AM,0.061,0.623,0.098,0.073
02/12/2021 11:08:36 AM,0.061,0.611,0.098,0.049
02/12/2021 11:09:36 AM,0.061,0.611,0.122,0.049
02/12/2021 11:10:36 AM,0.061,0.611,0.122,0.073
02/12/2021 11:11:36 AM,0.061,0.611,0.098,0.049
02/12/2021 11:12:36 AM,0.061,0.586,0.122,0.073
02/12/2021 11:13:36 AM,0.061,0.562,0.122,0.049
02/12/2021 11:14:36 AM,0.061,0.562,0.122,0.073
02/12/2021 11:15:36 AM,0.061,0.549,0.122,0.049
02/12/2021 11:16:36 AM,0.061,0.549,0.122,0.073
02/12/2021 11:17:36 AM,0.049,0.647,0.098,0.073
02/12/2021 11:18:36 AM,0.061,0.537,0.122,0.049
02/12/2021 11:19:36 AM,0.061,0.537,0.098,0.049
02/12/2021 11:20:36 AM,0.061,0.537,0.122,0.049
02/12/2021 11:21:36 AM,0.061,0.537,0.098,0.049
02/12/2021 11:22:36 AM,0.061,0.525,0.098,0.049
02/12/2021 11:23:36 AM,0.061,0.525,0.098,0.049
02/12/2021 11:24:36 AM,0.061,0.525,0.122,0.049
02/12/2021 11:25:36 AM,0.061,0.525,0.098,0.049
02/12/2021 11:26:36 AM,0.061,0.525,0.122,0.073
02/12/2021 11:27:36 AM,0.061,0.513,0.098,0.049
02/12/2021 11:28:36 AM,0.061,0.513,0.098,0.049
02/12/2021 11:29:36 AM,0.061,0.513,0.122,0.049
02/12/2021 11:30:36 AM,0.061,0.525,0.122,0.073
02/12/2021 11:31:36 AM,0.061,0.513,0.122,0.049
02/12/2021 11:32:36 AM,0.061,0.525,0.098,0.049
02/12/2021 11:33:36 AM,0.049,0.513,0.098,0.049
02/12/2021 11:34:36 AM,0.061,0.513,0.098,0.049
02/12/2021 11:35:36 AM,0.061,0.513,0.098,0.073
02/12/2021 11:36:36 AM,0.061,0.525,0.122,0.049
02/12/2021 11:37:36 AM,0.061,0.513,0.098,0.049
02/12/2021 11:38:36 AM,0.061,0.513,0.098,0.049
02/12/2021 11:39:36 AM,0.061,0.513,0.098,0.049
02/12/2021 11:40:36 AM,0.061,0.513,0.098,0.049
02/12/2021 11:41:36 AM,0.061,0.513,0.098,0.049
02/12/2021 11:42:36 AM,0.061,0.513,0.098,0.049
02/12/2021 11:43:36 AM,0.061,0.513,0.098,0.049
02/12/2021 11:44:36 AM,0.061,0.513,0.098,0.073
02/12/2021 11:45:36 AM,0.073,0.501,0.122,0.073
02/12/2021 11:46:36 AM,0.073,0.501,0.122,0.073
02/12/2021 11:47:36 AM,0.061,0.611,0.122,0.073
02/12/2021 11:48:36 AM,0.049,0.501,0.098,0.049
02/12/2021 11:49:36 AM,0.049,0.488,0.122,0.073
02/12/2021 11:50:36 AM,0.073,0.501,0.122,0.049
02/12/2021 11:51:36 AM,0.061,0.501,0.098,0.049
02/12/2021 11:52:36 AM,0.061,0.501,0.122,0.073
02/12/2021 11:53:36 AM,0.061,0.501,0.098,0.073
02/12/2021 11:54:36 AM,0.073,0.501,0.122,0.073
02/12/2021 11:55:36 AM,0.061,0.061,0.098,0.049
02/12/2021 11:56:36 AM,0.061,0.061,0.098,0.049
02/12/2021 11:57:36 AM,0.061,0.061,0.122,0.049
02/12/2021 11:58:36 AM,0.073,0.049,0.122,0.073
02/12/2021 11:59:36 AM,0.061,0.049,0.122,0.073
02/12/2021 12:00:36 PM,0.061,0.061,0.098,0.049
02/12/2021 12:01:36 PM,0.061,0.061,0.098,0.049
02/12/2021 12:02:36 PM,0.061,0.061,0.098,0.073
02/12/2021 12:03:36 PM,0.061,0.061,0.098,0.073
02/12/2021 12:04:36 PM,0.049,0.061,0.122,0.049
02/12/2021 12:05:36 PM,0.073,0.061,0.098,0.049
02/12/2021 12:06:36 PM,0.061,0.061,0.098,0.049
02/12/2021 12:07:36 PM,0.061,0.061,0.098,0.073
02/12/2021 12:08:36 PM,0.061,0.049,0.122,0.049
02/12/2021 12:09:36 PM,0.061,0.061,0.098,0.049
02/12/2021 12:10:36 PM,0.061,0.061,0.122,0.073
02/12/2021 12:11:36 PM,0.061,0.061,0.122,0.073
02/12/2021 12:12:36 PM,0.061,0.061,0.098,0.073
02/12/2021 12:13:36 PM,0.061,0.061,0.098,0.049
02/12/2021 12:14:36 PM,0.061,0.061,0.122,0.073
02/12/2021 12:15:36 PM,0.061,0.061,0.098,0.049
02/12/2021 12:16:36 PM,0.073,0.061,0.122,0.073
02/12/2021 12:17:36 PM,0.061,0.061,0.098,0.073
02/12/2021 12:18:36 PM,0.073,0.061,0.098,0.073
02/12/2021 12:19:36 PM,0.061,0.061,0.098,0.073
02/12/2021 12:20:36 PM,6.606,0.073,0.122,0.073
02/12/2021 12:21:36 PM,0.061,0.061,0.098,0.073
02/12/2021 12:22:36 PM,0.061,0.061,0.122,0.073
02/12/2021 12:23:36 PM,0.061,0.061,0.122,0.073
02/12/2021 12:24:36 PM,0.061,0.061,0.122,0.073
02/12/2021 12:25:36 PM,0.073,0.061,0.098,0.073
02/12/2021 12:26:36 PM,0.073,0.061,0.098,0.049
02/12/2021 12:27:36 PM,0.061,0.061,0.098,0.049
02/12/2021 12:28:36 PM,0.073,0.061,0.098,0.073
02/12/2021 12:29:36 PM,0.073,0.061,0.098,0.073
02/12/2021 12:30:36 PM,0.061,0.061,0.098,0.049
02/12/2021 12:31:36 PM,0.061,0.061,0.098,0.049
02/12/2021 12:32:36 PM,0.061,0.049,0.122,0.073
02/12/2021 12:33:36 PM,0.073,0.061,0.098,0.073
02/12/2021 12:34:36 PM,0.061,0.061,0.098,0.073
02/12/2021 12:35:36 PM,0.061,0.061,0.122,0.073
02/12/2021 12:36:36 PM,0.073,0.061,0.098,0.073
02/12/2021 12:37:36 PM,0.061,0.061,0.122,0.049
02/12/2021 12:38:36 PM,0.073,0.061,0.098,0.073
02/12/2021 12:39:36 PM,0.073,0.049,0.122,0.073
02/12/2021 12:40:36 PM,0.073,0.574,0.122,0.073
02/12/2021 12:41:36 PM,0.061,0.574,0.122,0.073
02/12/2021 12:42:36 PM,0.061,0.574,0.098,0.073
02/12/2021 12:43:36 PM,0.061,0.562,0.122,0.073
02/12/2021 12:44:36 PM,0.061,0.623,0.122,0.073
02/12/2021 12:45:36 PM,0.061,0.586,0.122,0.073
02/12/2021 12:46:36 PM,0.061,0.611,0.122,0.073
02/12/2021 12:47:36 PM,0.049,0.720,0.122,0.073
02/12/2021 12:48:36 PM,0.061,0.611,0.122,0.073
02/12/2021 12:49:36 PM,0.073,0.611,0.098,0.073
02/12/2021 12:50:36 PM,0.061,0.623,0.122,0.073
02/12/2021 12:51:36 PM,0.061,0.623,0.122,0.073
02/12/2021 12:52:36 PM,0.061,0.611,0.122,0.049
02/12/2021 12:53:36 PM,0.073,0.623,0.122,0.073
02/12/2021 12:54:36 PM,0.061,0.623,0.098,0.073
02/12/2021 12:55:36 PM,0.073,0.611,0.122,0.073
02/12/2021 12:56:36 PM,0.061,0.611,0.098,0.073
02/12/2021 12:57:36 PM,0.073,0.611,0.122,0.073
02/12/2021 12:58:36 PM,0.073,0.598,0.098,0.073
02/12/2021 12:59:36 PM,0.061,0.611,0.098,0.073
02/12/2021 01:00:36 PM,0.073,0.598,0.098,0.073
02/12/2021 01:01:36 PM,0.061,0.598,0.122,0.073
02/12/2021 01:02:36 PM,0.073,0.611,0.122,0.073
02/12/2021 01:03:36 PM,0.061,0.598,0.098,0.073
02/12/2021 01:04:36 PM,0.061,0.598,0.122,0.073
02/12/2021 01:05:36 PM,0.061,0.598,0.122,0.073
02/12/2021 01:06:36 PM,0.037,0.586,0.195,0.000
02/12/2021 01:07:36 PM,0.049,0.598,0.122,0.049
02/12/2021 01:08:36 PM,0.037,0.586,0.195,0.000