Plot Title: Riihiluoma 1,,,,
index,time,new_fridge,water_heater,old_fridge
1,02/10/2021 03:45:38 PM,0.098,1.050,1.050
2,02/10/2021 03:46:38 PM,0.122,1.368,0.977
3,02/10/2021 03:47:38 PM,1.099,1.368,0.049
4,02/10/2021 03:48:38 PM,1.123,0.537,0.049
5,02/10/2021 03:49:38 PM,1.148,0.122,0.195
6,02/10/2021 03:50:38 PM,1.123,0.073,0.195
7,02/10/2021 03:51:38 PM,1.148,0.220,0.195
8,02/10/2021 03:52:38 PM,1.245,0.317,0.269
9,02/10/2021 03:53:38 PM,1.245,0.195,0.098
10,02/10/2021 03:54:38 PM,1.197,0.195,0.098
11,02/10/2021 03:55:38 PM,1.197,0.195,0.098
12,02/10/2021 03:56:38 PM,1.172,0.171,1.148
13,02/10/2021 03:57:38 PM,1.148,0.195,0.098
14,02/10/2021 03:58:38 PM,1.148,0.195,0.073
15,02/10/2021 03:59:38 PM,1.123,0.195,0.098
16,02/10/2021 04:00:38 PM,1.123,0.195,0.073
17,02/10/2021 04:01:38 PM,1.123,0.195,0.073
18,02/10/2021 04:02:38 PM,1.099,0.195,0.073
19,02/10/2021 04:03:38 PM,1.099,0.195,0.073
20,02/10/2021 04:04:38 PM,1.099,0.122,0.147
21,02/10/2021 04:05:38 PM,1.099,0.147,0.171
22,02/10/2021 04:06:38 PM,1.172,0.122,0.171
23,02/10/2021 04:07:38 PM,1.172,0.122,0.171
24,02/10/2021 04:08:38 PM,1.221,0.122,0.195
25,02/10/2021 04:09:38 PM,1.148,0.122,0.147
26,02/10/2021 04:10:38 PM,1.245,0.122,0.171
27,02/10/2021 04:11:38 PM,1.490,0.122,1.148
28,02/10/2021 04:12:38 PM,1.197,0.122,0.195
29,02/10/2021 04:13:38 PM,1.294,0.122,0.147
30,02/10/2021 04:14:38 PM,1.294,0.098,0.147
31,02/10/2021 04:15:38 PM,1.319,0.122,0.171
32,02/10/2021 04:16:38 PM,1.294,0.098,0.147
33,02/10/2021 04:17:38 PM,1.319,0.098,0.147
34,02/10/2021 04:18:38 PM,1.294,0.098,0.147
35,02/10/2021 04:19:38 PM,1.294,0.098,0.147
36,02/10/2021 04:20:38 PM,1.319,0.098,0.171
37,02/10/2021 04:21:38 PM,1.319,0.098,0.147
38,02/10/2021 04:22:38 PM,1.319,0.098,0.147
39,02/10/2021 04:23:38 PM,1.343,0.098,0.171
40,02/10/2021 04:24:38 PM,1.319,0.098,0.171
41,02/10/2021 04:25:38 PM,1.319,0.122,0.171
42,02/10/2021 04:26:38 PM,1.319,0.122,0.171
43,02/10/2021 04:27:38 PM,1.319,0.098,0.147
44,02/10/2021 04:28:38 PM,1.319,0.098,0.147
45,02/10/2021 04:29:38 PM,1.294,0.122,0.147
46,02/10/2021 04:30:38 PM,1.319,0.098,0.147
47,02/10/2021 04:31:38 PM,1.319,0.098,0.171
48,02/10/2021 04:32:38 PM,1.319,0.122,0.147
49,02/10/2021 04:33:38 PM,1.319,0.098,0.147
50,02/10/2021 04:34:38 PM,1.319,0.098,0.171
51,02/10/2021 04:35:38 PM,1.319,0.122,0.171
52,02/10/2021 04:36:38 PM,1.294,0.098,0.830
53,02/10/2021 04:37:38 PM,1.245,0.098,0.733
54,02/10/2021 04:38:38 PM,1.319,0.098,0.708
55,02/10/2021 04:39:38 PM,1.319,0.098,0.708
56,02/10/2021 04:40:38 PM,1.245,0.098,0.708
57,02/10/2021 04:41:38 PM,1.538,0.098,0.708
58,02/10/2021 04:42:38 PM,1.294,0.098,0.708
59,02/10/2021 04:43:38 PM,1.319,0.098,0.708
60,02/10/2021 04:44:38 PM,1.319,0.098,0.708
61,02/10/2021 04:45:38 PM,1.319,0.098,0.708
62,02/10/2021 04:46:38 PM,1.294,0.098,0.708
63,02/10/2021 04:47:38 PM,1.294,0.098,0.708
64,02/10/2021 04:48:38 PM,1.294,0.098,0.708
65,02/10/2021 04:49:38 PM,1.294,0.098,0.708
66,02/10/2021 04:50:38 PM,1.245,0.098,0.708
67,02/10/2021 04:51:38 PM,1.197,0.098,0.708
68,02/10/2021 04:52:38 PM,1.172,0.098,0.684
69,02/10/2021 04:53:38 PM,1.172,0.098,0.708
70,02/10/2021 04:54:38 PM,1.148,0.098,0.708
71,02/10/2021 04:55:38 PM,1.148,0.098,0.708
72,02/10/2021 04:56:38 PM,1.148,0.098,0.684
73,02/10/2021 04:57:38 PM,1.123,0.098,0.708
74,02/10/2021 04:58:38 PM,1.123,0.098,0.684
75,02/10/2021 04:59:38 PM,1.123,0.098,0.708
76,02/10/2021 05:00:38 PM,1.099,0.098,0.708
77,02/10/2021 05:01:38 PM,1.099,0.098,0.708
78,02/10/2021 05:02:38 PM,1.123,0.098,0.708
79,02/10/2021 05:03:38 PM,1.099,0.098,0.708
80,02/10/2021 05:04:38 PM,1.099,0.098,0.708
81,02/10/2021 05:05:38 PM,1.123,0.098,0.684
82,02/10/2021 05:06:38 PM,1.099,0.098,0.708
83,02/10/2021 05:07:38 PM,1.099,0.098,0.684
84,02/10/2021 05:08:38 PM,1.099,0.098,0.684
85,02/10/2021 05:09:38 PM,1.099,0.098,0.684
86,02/10/2021 05:10:38 PM,1.099,0.098,0.684
87,02/10/2021 05:11:38 PM,1.319,0.098,0.684
88,02/10/2021 05:12:38 PM,1.099,0.098,0.684
89,02/10/2021 05:13:38 PM,1.099,0.098,0.684
90,02/10/2021 05:14:38 PM,1.099,0.098,0.684
91,02/10/2021 05:15:38 PM,1.074,0.098,0.708
92,02/10/2021 05:16:38 PM,1.099,0.098,0.684
93,02/10/2021 05:17:38 PM,1.074,0.098,0.684
94,02/10/2021 05:18:38 PM,1.074,0.098,0.708
95,02/10/2021 05:19:38 PM,1.074,18.339,0.757
96,02/10/2021 05:20:38 PM,1.074,18.315,0.757
97,02/10/2021 05:21:38 PM,1.074,18.315,0.757
98,02/10/2021 05:22:38 PM,1.074,18.339,0.757
99,02/10/2021 05:23:38 PM,1.172,18.291,0.757
100,02/10/2021 05:24:38 PM,1.197,18.315,0.757
101,02/10/2021 05:25:38 PM,1.197,18.291,0.757
102,02/10/2021 05:26:38 PM,1.197,18.291,0.757
103,02/10/2021 05:27:38 PM,1.197,18.315,0.757
104,02/10/2021 05:28:38 PM,1.221,18.242,0.757
105,02/10/2021 05:29:38 PM,1.197,18.339,0.757
106,02/10/2021 05:30:38 PM,1.197,18.291,0.757
107,02/10/2021 05:31:38 PM,1.123,18.242,0.757
108,02/10/2021 05:32:38 PM,1.221,18.242,0.757
109,02/10/2021 05:33:38 PM,1.245,18.242,1.929
110,02/10/2021 05:34:38 PM,1.245,0.098,0.684
111,02/10/2021 05:35:38 PM,1.245,0.098,0.684
112,02/10/2021 05:36:38 PM,1.245,0.098,0.684
113,02/10/2021 05:37:38 PM,1.245,0.098,0.684
114,02/10/2021 05:38:38 PM,1.148,0.098,0.684
115,02/10/2021 05:39:38 PM,1.245,0.098,0.684
116,02/10/2021 05:40:38 PM,1.172,0.098,0.684
117,02/10/2021 05:41:38 PM,1.392,0.098,0.684
118,02/10/2021 05:42:38 PM,1.270,0.098,0.684
119,02/10/2021 05:43:38 PM,1.270,0.098,0.684
120,02/10/2021 05:44:38 PM,1.245,0.098,0.684
121,02/10/2021 05:45:38 PM,1.270,0.098,0.684
122,02/10/2021 05:46:38 PM,1.245,0.098,0.684
123,02/10/2021 05:47:38 PM,1.245,0.073,0.684
124,02/10/2021 05:48:38 PM,1.245,0.073,0.684
125,02/10/2021 05:49:38 PM,1.245,0.098,0.684
126,02/10/2021 05:50:38 PM,1.245,0.098,0.684
127,02/10/2021 05:51:38 PM,1.245,0.098,0.708
128,02/10/2021 05:52:38 PM,1.245,0.073,0.684
129,02/10/2021 05:53:38 PM,1.221,0.073,0.684
130,02/10/2021 05:54:38 PM,1.245,0.073,0.684
131,02/10/2021 05:55:38 PM,1.245,0.098,0.684
132,02/10/2021 05:56:38 PM,1.197,0.073,0.684
133,02/10/2021 05:57:38 PM,1.172,0.073,0.684
134,02/10/2021 05:58:38 PM,1.148,0.073,0.659
135,02/10/2021 05:59:38 PM,1.123,0.098,0.684
136,02/10/2021 06:00:38 PM,1.123,0.098,0.684
137,02/10/2021 06:01:38 PM,1.099,0.098,0.684
138,02/10/2021 06:02:38 PM,1.099,0.073,0.659
139,02/10/2021 06:03:38 PM,1.099,0.098,0.684
140,02/10/2021 06:04:38 PM,1.074,0.098,0.684
141,02/10/2021 06:05:38 PM,1.074,0.098,0.684
142,02/10/2021 06:06:38 PM,1.074,0.073,0.659
143,02/10/2021 06:07:38 PM,1.099,0.073,0.684
144,02/10/2021 06:08:38 PM,1.074,0.073,0.684
145,02/10/2021 06:09:38 PM,1.074,0.098,0.684
146,02/10/2021 06:10:38 PM,1.050,0.073,0.684
147,02/10/2021 06:11:38 PM,1.294,0.073,0.684
148,02/10/2021 06:12:38 PM,1.074,0.073,0.684
149,02/10/2021 06:13:38 PM,1.050,0.073,0.659
150,02/10/2021 06:14:38 PM,1.074,0.073,0.659
151,02/10/2021 06:15:38 PM,1.074,0.073,0.659
152,02/10/2021 06:16:38 PM,1.074,0.073,0.659
153,02/10/2021 06:17:38 PM,1.074,0.073,0.684
154,02/10/2021 06:18:38 PM,1.074,0.073,0.659
155,02/10/2021 06:19:38 PM,1.074,0.073,0.684
156,02/10/2021 06:20:38 PM,0.977,0.098,0.684
157,02/10/2021 06:21:38 PM,1.050,0.073,0.684
158,02/10/2021 06:22:38 PM,1.074,0.073,0.684
159,02/10/2021 06:23:38 PM,1.050,0.073,0.684
160,02/10/2021 06:24:38 PM,1.050,0.073,0.684
161,02/10/2021 06:25:38 PM,1.050,0.073,0.659
162,02/10/2021 06:26:38 PM,1.050,0.098,0.684
163,02/10/2021 06:27:38 PM,1.074,0.098,0.684
164,02/10/2021 06:28:38 PM,1.050,0.073,0.659
165,02/10/2021 06:29:38 PM,1.050,0.073,0.684
166,02/10/2021 06:30:38 PM,1.050,0.073,0.659
167,02/10/2021 06:31:38 PM,1.050,0.073,0.659
168,02/10/2021 06:32:38 PM,1.050,0.098,0.659
169,02/10/2021 06:33:38 PM,1.050,0.073,0.684
170,02/10/2021 06:34:38 PM,1.074,0.073,0.684
171,02/10/2021 06:35:38 PM,1.074,0.073,0.684
172,02/10/2021 06:36:38 PM,1.050,0.073,0.684
173,02/10/2021 06:37:38 PM,1.074,0.073,0.659
174,02/10/2021 06:38:38 PM,1.074,0.073,0.659
175,02/10/2021 06:39:38 PM,1.123,0.073,0.659
176,02/10/2021 06:40:38 PM,1.172,0.073,0.659
177,02/10/2021 06:41:38 PM,1.416,17.973,0.708
178,02/10/2021 06:42:38 PM,1.197,18.022,0.733
179,02/10/2021 06:43:38 PM,1.197,18.022,0.733
180,02/10/2021 06:44:38 PM,1.197,17.998,0.733
181,02/10/2021 06:45:38 PM,1.294,17.998,0.733
182,02/10/2021 06:46:38 PM,1.123,17.900,0.708
183,02/10/2021 06:47:38 PM,2.027,17.900,0.733
184,02/10/2021 06:48:38 PM,2.027,17.900,0.733
185,02/10/2021 06:49:38 PM,1.197,17.900,0.733
186,02/10/2021 06:50:38 PM,1.221,17.973,0.733
187,02/10/2021 06:51:38 PM,1.148,17.924,0.708
188,02/10/2021 06:52:38 PM,1.245,17.924,0.733
189,02/10/2021 06:53:38 PM,1.245,17.900,0.757
190,02/10/2021 06:54:38 PM,1.148,17.900,0.733
191,02/10/2021 06:55:38 PM,1.245,17.924,0.757
192,02/10/2021 06:56:38 PM,1.319,17.924,0.733
193,02/10/2021 06:57:38 PM,1.172,17.949,0.733
194,02/10/2021 06:58:38 PM,1.245,17.949,0.733
195,02/10/2021 06:59:38 PM,1.221,18.046,0.733
196,02/10/2021 07:00:38 PM,1.270,18.022,0.733
197,02/10/2021 07:01:38 PM,1.245,18.046,0.733
198,02/10/2021 07:02:38 PM,2.027,17.998,0.733
199,02/10/2021 07:03:38 PM,1.270,18.022,0.733
200,02/10/2021 07:04:38 PM,3.614,18.071,0.733
201,02/10/2021 07:05:38 PM,3.614,18.071,0.733
202,02/10/2021 07:06:38 PM,1.172,18.046,0.733
203,02/10/2021 07:07:38 PM,1.172,18.046,0.733
204,02/10/2021 07:08:38 PM,1.123,0.073,0.073
205,02/10/2021 07:09:38 PM,1.123,0.073,0.073
206,02/10/2021 07:10:38 PM,1.123,0.073,0.098
207,02/10/2021 07:11:38 PM,1.343,0.073,0.098
208,02/10/2021 07:12:38 PM,1.343,0.073,0.073
209,02/10/2021 07:13:38 PM,1.319,0.073,0.073
210,02/10/2021 07:14:38 PM,1.343,0.049,0.073
211,02/10/2021 07:15:38 PM,1.319,0.073,0.098
212,02/10/2021 07:16:38 PM,1.319,0.049,0.073
213,02/10/2021 07:17:38 PM,1.319,0.049,0.098
214,02/10/2021 07:18:38 PM,1.343,0.073,0.073
215,02/10/2021 07:19:38 PM,1.319,0.073,0.073
216,02/10/2021 07:20:38 PM,1.319,0.049,0.073
217,02/10/2021 07:21:38 PM,1.319,0.073,0.073
218,02/10/2021 07:22:38 PM,1.319,0.073,0.073
219,02/10/2021 07:23:38 PM,1.319,0.049,0.073
220,02/10/2021 07:24:38 PM,1.319,0.073,0.073
221,02/10/2021 07:25:38 PM,1.319,0.073,0.073
222,02/10/2021 07:26:38 PM,1.319,0.073,0.073
223,02/10/2021 07:27:38 PM,1.319,0.073,0.073
224,02/10/2021 07:28:38 PM,1.319,0.073,0.073
225,02/10/2021 07:29:38 PM,1.319,0.073,0.073
226,02/10/2021 07:30:38 PM,1.319,0.073,0.073
227,02/10/2021 07:31:38 PM,1.319,0.073,0.073
228,02/10/2021 07:32:38 PM,1.319,0.073,0.073
229,02/10/2021 07:33:38 PM,1.319,0.073,0.073
230,02/10/2021 07:34:38 PM,1.319,0.073,0.073
231,02/10/2021 07:35:38 PM,1.319,0.073,0.073
232,02/10/2021 07:36:38 PM,1.319,0.073,0.073
233,02/10/2021 07:37:38 PM,1.319,0.073,0.098
234,02/10/2021 07:38:38 PM,1.319,0.073,0.073
235,02/10/2021 07:39:38 PM,1.319,0.073,0.073
236,02/10/2021 07:40:38 PM,1.319,0.049,0.073
237,02/10/2021 07:41:38 PM,1.319,0.073,0.098
238,02/10/2021 07:42:38 PM,1.294,0.073,0.073
239,02/10/2021 07:43:38 PM,1.319,0.073,0.098
240,02/10/2021 07:44:38 PM,1.294,0.073,0.098
241,02/10/2021 07:45:38 PM,1.294,0.073,0.098
242,02/10/2021 07:46:38 PM,1.319,0.073,0.073
243,02/10/2021 07:47:38 PM,1.294,0.073,0.073
244,02/10/2021 07:48:38 PM,1.319,0.073,0.073
245,02/10/2021 07:49:38 PM,1.294,0.073,0.073
246,02/10/2021 07:50:38 PM,1.319,0.073,0.073
247,02/10/2021 07:51:38 PM,1.294,0.049,0.073
248,02/10/2021 07:52:38 PM,1.294,0.049,0.098
249,02/10/2021 07:53:38 PM,1.294,0.073,0.098
250,02/10/2021 07:54:38 PM,1.294,0.073,0.098
251,02/10/2021 07:55:38 PM,1.319,0.073,0.073
252,02/10/2021 07:56:38 PM,1.294,0.073,0.098
253,02/10/2021 07:57:38 PM,1.294,0.073,0.122
254,02/10/2021 07:58:38 PM,1.294,18.071,0.122
255,02/10/2021 07:59:38 PM,1.294,18.120,0.122
256,02/10/2021 08:00:38 PM,1.294,18.095,0.122
257,02/10/2021 08:01:38 PM,1.294,18.144,0.098
258,02/10/2021 08:02:38 PM,1.294,18.095,0.122
259,02/10/2021 08:03:38 PM,1.294,18.144,0.122
260,02/10/2021 08:04:38 PM,1.294,18.144,0.122
261,02/10/2021 08:05:38 PM,1.294,18.120,0.122
262,02/10/2021 08:06:38 PM,1.294,18.144,0.122
263,02/10/2021 08:07:38 PM,1.294,18.144,0.098
264,02/10/2021 08:08:38 PM,1.294,18.144,0.098
265,02/10/2021 08:09:38 PM,1.294,18.095,0.098
266,02/10/2021 08:10:38 PM,1.294,18.144,0.098
267,02/10/2021 08:11:38 PM,1.294,18.095,0.122
268,02/10/2021 08:12:38 PM,1.294,18.095,0.122
269,02/10/2021 08:13:38 PM,1.294,18.071,0.122
270,02/10/2021 08:14:38 PM,1.294,0.073,0.073
271,02/10/2021 08:15:38 PM,1.294,0.073,0.073
272,02/10/2021 08:16:38 PM,1.294,0.073,0.073
273,02/10/2021 08:17:38 PM,1.294,0.073,0.073
274,02/10/2021 08:18:38 PM,1.319,0.073,0.073
275,02/10/2021 08:19:38 PM,1.294,0.073,0.073
276,02/10/2021 08:20:38 PM,1.294,0.073,0.073
277,02/10/2021 08:21:38 PM,3.663,0.073,0.073
278,02/10/2021 08:22:38 PM,3.712,0.073,0.073
279,02/10/2021 08:23:38 PM,3.712,0.073,0.073
280,02/10/2021 08:24:38 PM,1.343,0.049,0.073
281,02/10/2021 08:25:38 PM,1.270,0.049,0.073
282,02/10/2021 08:26:38 PM,1.294,0.073,0.073
283,02/10/2021 08:27:38 PM,1.270,0.073,0.073
284,02/10/2021 08:28:38 PM,1.294,0.049,0.098
285,02/10/2021 08:29:38 PM,1.294,0.073,0.073
286,02/10/2021 08:30:38 PM,1.294,0.073,0.098
287,02/10/2021 08:31:38 PM,1.270,0.073,0.073
288,02/10/2021 08:32:38 PM,1.270,0.073,0.073
289,02/10/2021 08:33:38 PM,1.270,0.073,0.073
290,02/10/2021 08:34:38 PM,1.270,0.073,0.073
291,02/10/2021 08:35:38 PM,1.294,0.073,0.073
292,02/10/2021 08:36:38 PM,1.270,0.073,0.073
293,02/10/2021 08:37:38 PM,1.294,0.049,0.073
294,02/10/2021 08:38:38 PM,1.294,0.073,0.098
295,02/10/2021 08:39:38 PM,1.294,0.073,0.073
296,02/10/2021 08:40:38 PM,1.294,0.073,0.073
297,02/10/2021 08:41:38 PM,1.294,0.073,0.073
298,02/10/2021 08:42:38 PM,1.294,0.073,0.073
299,02/10/2021 08:43:38 PM,1.294,0.073,0.073
300,02/10/2021 08:44:38 PM,1.294,0.073,0.073
301,02/10/2021 08:45:38 PM,1.294,0.073,0.073
302,02/10/2021 08:46:38 PM,1.270,0.073,0.073
303,02/10/2021 08:47:38 PM,1.294,0.073,0.073
304,02/10/2021 08:48:38 PM,1.294,0.073,0.073
305,02/10/2021 08:49:38 PM,1.294,0.073,0.073
306,02/10/2021 08:50:38 PM,1.294,0.073,0.073
307,02/10/2021 08:51:38 PM,1.294,0.073,0.073
308,02/10/2021 08:52:38 PM,1.294,0.073,0.098
309,02/10/2021 08:53:38 PM,1.294,0.049,0.073
310,02/10/2021 08:54:38 PM,1.294,0.073,0.073
311,02/10/2021 08:55:38 PM,1.074,0.073,0.098
312,02/10/2021 08:56:38 PM,1.050,0.049,0.073
313,02/10/2021 08:57:38 PM,2.637,0.073,0.073
314,02/10/2021 08:58:38 PM,2.711,0.073,0.073
315,02/10/2021 08:59:38 PM,2.686,0.073,0.073
316,02/10/2021 09:00:38 PM,2.686,0.073,0.098
317,02/10/2021 09:01:38 PM,2.662,18.168,0.122
318,02/10/2021 09:02:38 PM,2.662,18.242,0.122
319,02/10/2021 09:03:38 PM,2.637,18.168,0.122
320,02/10/2021 09:04:38 PM,2.637,18.193,0.122
321,02/10/2021 09:05:38 PM,2.637,18.144,0.122
322,02/10/2021 09:06:38 PM,2.662,18.193,0.098
323,02/10/2021 09:07:38 PM,2.637,18.168,0.122
324,02/10/2021 09:08:38 PM,2.662,18.193,0.098
325,02/10/2021 09:09:38 PM,2.662,18.193,0.098
326,02/10/2021 09:10:38 PM,2.637,18.168,0.122
327,02/10/2021 09:11:38 PM,2.637,18.193,0.122
328,02/10/2021 09:12:38 PM,2.637,18.193,0.122
329,02/10/2021 09:13:38 PM,2.637,18.168,0.122
330,02/10/2021 09:14:38 PM,2.564,18.168,0.098
331,02/10/2021 09:15:38 PM,2.759,18.217,0.098
332,02/10/2021 09:16:38 PM,2.759,18.217,0.098
333,02/10/2021 09:17:38 PM,2.589,18.193,0.098
334,02/10/2021 09:18:38 PM,2.662,18.217,0.122
335,02/10/2021 09:19:38 PM,2.711,0.073,0.073
336,02/10/2021 09:20:38 PM,3.346,0.073,0.098
337,02/10/2021 09:21:38 PM,3.297,0.073,0.073
338,02/10/2021 09:22:38 PM,2.711,0.073,0.073
339,02/10/2021 09:23:38 PM,2.686,0.073,0.830
340,02/10/2021 09:24:38 PM,2.686,0.073,0.733
341,02/10/2021 09:25:38 PM,2.686,0.073,0.733
342,02/10/2021 09:26:38 PM,2.686,0.073,0.733
343,02/10/2021 09:27:38 PM,2.686,0.073,0.708
344,02/10/2021 09:28:38 PM,0.147,0.049,0.708
345,02/10/2021 09:29:38 PM,0.098,0.073,0.708
346,02/10/2021 09:30:38 PM,0.147,0.073,0.708
347,02/10/2021 09:31:38 PM,0.147,0.049,0.684
348,02/10/2021 09:32:38 PM,0.147,0.073,0.684
349,02/10/2021 09:33:38 PM,0.122,0.073,0.684
350,02/10/2021 09:34:38 PM,0.147,0.073,0.684
351,02/10/2021 09:35:38 PM,0.122,0.073,0.684
352,02/10/2021 09:36:38 PM,0.122,18.120,0.757
353,02/10/2021 09:37:38 PM,0.147,18.144,0.757
354,02/10/2021 09:38:38 PM,0.122,18.168,0.757
355,02/10/2021 09:39:38 PM,0.122,18.120,0.757
356,02/10/2021 09:40:38 PM,0.122,18.144,0.757
357,02/10/2021 09:41:38 PM,0.147,18.168,0.757
358,02/10/2021 09:42:38 PM,1.197,18.144,0.733
359,02/10/2021 09:43:38 PM,1.221,18.144,0.757
360,02/10/2021 09:44:38 PM,1.294,18.168,0.733
361,02/10/2021 09:45:38 PM,1.294,18.193,0.757
362,02/10/2021 09:46:38 PM,1.368,18.168,0.757
363,02/10/2021 09:47:38 PM,1.392,18.217,0.757
364,02/10/2021 09:48:38 PM,1.392,18.217,0.757
365,02/10/2021 09:49:38 PM,1.368,18.242,0.757
366,02/10/2021 09:50:38 PM,1.368,18.193,0.757
367,02/10/2021 09:51:38 PM,1.343,18.242,0.757
368,02/10/2021 09:52:38 PM,1.343,18.266,0.757
369,02/10/2021 09:53:38 PM,1.343,18.242,0.757
370,02/10/2021 09:54:38 PM,1.343,18.242,0.733
371,02/10/2021 09:55:38 PM,1.343,18.291,0.733
372,02/10/2021 09:56:38 PM,1.343,18.291,0.757
373,02/10/2021 09:57:38 PM,1.343,18.291,0.757
374,02/10/2021 09:58:38 PM,1.343,18.266,0.757
375,02/10/2021 09:59:38 PM,1.343,18.291,0.733
376,02/10/2021 10:00:38 PM,1.343,18.291,0.733
377,02/10/2021 10:01:38 PM,1.343,18.291,0.733
378,02/10/2021 10:02:38 PM,1.343,18.291,0.733
379,02/10/2021 10:03:38 PM,1.343,18.291,0.757
380,02/10/2021 10:04:38 PM,1.343,18.291,0.733
381,02/10/2021 10:05:38 PM,1.343,18.266,0.733
382,02/10/2021 10:06:38 PM,1.343,18.315,0.733
383,02/10/2021 10:07:38 PM,1.343,18.315,0.733
384,02/10/2021 10:08:38 PM,1.343,18.266,0.733
385,02/10/2021 10:09:38 PM,1.319,18.266,0.733
386,02/10/2021 10:10:38 PM,1.319,18.364,0.757
387,02/10/2021 10:11:38 PM,1.343,18.364,0.733
388,02/10/2021 10:12:38 PM,1.538,18.315,0.733
389,02/10/2021 10:13:38 PM,1.563,18.315,0.733
390,02/10/2021 10:14:38 PM,1.563,18.339,0.733
391,02/10/2021 10:15:38 PM,1.563,18.291,0.733
392,02/10/2021 10:16:38 PM,1.538,18.266,0.733
393,02/10/2021 10:17:38 PM,1.538,18.291,0.733
394,02/10/2021 10:18:38 PM,1.538,18.315,0.757
395,02/10/2021 10:19:38 PM,1.563,18.339,0.733
396,02/10/2021 10:20:38 PM,1.563,0.073,0.684
397,02/10/2021 10:21:38 PM,1.538,0.073,0.659
398,02/10/2021 10:22:38 PM,1.538,0.049,0.659
399,02/10/2021 10:23:38 PM,1.563,0.073,0.659
400,02/10/2021 10:24:38 PM,1.538,0.073,0.659
401,02/10/2021 10:25:38 PM,1.538,0.073,0.684
402,02/10/2021 10:26:38 PM,1.538,0.073,0.659
403,02/10/2021 10:27:38 PM,1.514,0.073,0.659
404,02/10/2021 10:28:38 PM,1.514,0.073,0.659
405,02/10/2021 10:29:38 PM,1.514,0.073,0.659
406,02/10/2021 10:30:38 PM,1.514,0.073,0.659
407,02/10/2021 10:31:38 PM,1.514,0.073,0.659
408,02/10/2021 10:32:38 PM,1.514,0.073,0.659
409,02/10/2021 10:33:38 PM,1.514,0.049,0.659
410,02/10/2021 10:34:38 PM,1.514,0.073,0.659
411,02/10/2021 10:35:38 PM,1.514,0.073,0.659
412,02/10/2021 10:36:38 PM,1.514,0.073,0.659
413,02/10/2021 10:37:38 PM,1.465,0.049,0.659
414,02/10/2021 10:38:38 PM,1.416,0.049,0.659
415,02/10/2021 10:39:38 PM,1.392,0.073,0.659
416,02/10/2021 10:40:38 PM,1.368,0.073,0.659
417,02/10/2021 10:41:38 PM,1.368,0.073,0.659
418,02/10/2021 10:42:38 PM,1.368,0.049,0.659
419,02/10/2021 10:43:38 PM,1.123,0.073,0.659
420,02/10/2021 10:44:38 PM,1.123,0.073,0.659
421,02/10/2021 10:45:38 PM,1.099,0.073,0.659
422,02/10/2021 10:46:38 PM,1.099,0.073,0.659
423,02/10/2021 10:47:38 PM,1.099,0.073,0.659
424,02/10/2021 10:48:38 PM,1.099,0.073,0.684
425,02/10/2021 10:49:38 PM,1.099,0.049,0.659
426,02/10/2021 10:50:38 PM,1.099,0.073,0.659
427,02/10/2021 10:51:38 PM,1.099,0.073,0.659
428,02/10/2021 10:52:38 PM,1.099,0.073,0.659
429,02/10/2021 10:53:38 PM,1.074,18.413,0.708
430,02/10/2021 10:54:38 PM,1.074,18.437,0.733
431,02/10/2021 10:55:38 PM,1.074,18.462,0.733
432,02/10/2021 10:56:38 PM,1.074,18.437,0.708
433,02/10/2021 10:57:38 PM,1.074,18.462,0.733
434,02/10/2021 10:58:38 PM,1.074,18.462,0.733
435,02/10/2021 10:59:38 PM,1.074,18.437,0.708
436,02/10/2021 11:00:38 PM,1.074,18.486,0.708
437,02/10/2021 11:01:38 PM,1.074,18.535,0.708
438,02/10/2021 11:02:38 PM,1.074,18.535,0.733
439,02/10/2021 11:03:38 PM,1.074,18.510,0.733
440,02/10/2021 11:04:38 PM,1.074,18.510,0.733
441,02/10/2021 11:05:38 PM,1.050,18.486,0.708
442,02/10/2021 11:06:38 PM,1.074,18.486,0.733
443,02/10/2021 11:07:38 PM,1.050,0.073,0.659
444,02/10/2021 11:08:38 PM,1.074,0.049,0.659
445,02/10/2021 11:09:38 PM,1.074,0.049,0.659
446,02/10/2021 11:10:38 PM,1.050,0.073,0.635
447,02/10/2021 11:11:38 PM,1.050,0.073,0.635
448,02/10/2021 11:12:38 PM,1.270,0.073,0.635
449,02/10/2021 11:13:38 PM,1.050,0.073,0.635
450,02/10/2021 11:14:38 PM,1.050,0.073,0.635
451,02/10/2021 11:15:38 PM,1.050,0.073,0.635
452,02/10/2021 11:16:38 PM,1.050,0.049,0.659
453,02/10/2021 11:17:38 PM,1.050,0.073,0.635
454,02/10/2021 11:18:38 PM,1.148,0.073,0.659
455,02/10/2021 11:19:38 PM,1.123,0.073,0.635
456,02/10/2021 11:20:38 PM,1.172,0.073,0.659
457,02/10/2021 11:21:38 PM,1.172,0.073,0.659
458,02/10/2021 11:22:38 PM,1.197,0.073,0.659
459,02/10/2021 11:23:38 PM,1.197,0.073,0.659
460,02/10/2021 11:24:38 PM,1.197,0.049,0.659
461,02/10/2021 11:25:38 PM,1.197,0.049,0.659
462,02/10/2021 11:26:38 PM,1.197,0.073,0.049
463,02/10/2021 11:27:38 PM,1.197,0.073,0.073
464,02/10/2021 11:28:38 PM,1.197,0.049,0.049
465,02/10/2021 11:29:38 PM,1.197,0.073,0.073
466,02/10/2021 11:30:38 PM,1.197,0.073,0.073
467,02/10/2021 11:31:38 PM,1.221,0.073,0.073
468,02/10/2021 11:32:38 PM,1.197,0.049,0.073
469,02/10/2021 11:33:38 PM,1.197,0.073,0.073
470,02/10/2021 11:34:38 PM,1.197,0.073,0.073
471,02/10/2021 11:35:38 PM,1.197,0.073,0.049
472,02/10/2021 11:36:38 PM,1.197,0.049,0.049
473,02/10/2021 11:37:38 PM,1.197,0.073,0.073
474,02/10/2021 11:38:38 PM,1.221,0.073,0.073
475,02/10/2021 11:39:38 PM,1.197,0.073,0.049
476,02/10/2021 11:40:38 PM,1.197,0.073,0.073
477,02/10/2021 11:41:38 PM,1.197,0.073,0.073
478,02/10/2021 11:42:38 PM,1.441,0.073,0.073
479,02/10/2021 11:43:38 PM,1.197,0.073,0.049
480,02/10/2021 11:44:38 PM,1.221,0.073,0.073
481,02/10/2021 11:45:38 PM,1.197,0.073,0.073
482,02/10/2021 11:46:38 PM,1.221,0.073,0.073
483,02/10/2021 11:47:38 PM,1.221,0.049,0.073
484,02/10/2021 11:48:38 PM,1.221,0.073,0.049
485,02/10/2021 11:49:38 PM,1.221,0.073,0.073
486,02/10/2021 11:50:38 PM,1.172,0.073,0.073
487,02/10/2021 11:51:38 PM,1.148,0.073,0.073
488,02/10/2021 11:52:38 PM,1.123,0.049,0.049
489,02/10/2021 11:53:38 PM,1.099,0.073,0.073
490,02/10/2021 11:54:38 PM,1.099,0.073,0.073
491,02/10/2021 11:55:38 PM,1.099,0.049,0.073
492,02/10/2021 11:56:38 PM,1.099,0.073,0.073
493,02/10/2021 11:57:38 PM,1.099,18.388,0.098
494,02/10/2021 11:58:38 PM,1.074,18.413,0.098
495,02/10/2021 11:59:38 PM,1.074,18.413,0.098
496,02/11/2021 12:00:38 AM,1.074,18.413,0.122
497,02/11/2021 12:01:38 AM,1.074,18.388,0.098
498,02/11/2021 12:02:38 AM,1.074,18.388,0.098
499,02/11/2021 12:03:38 AM,1.074,18.413,0.098
500,02/11/2021 12:04:38 AM,1.074,18.437,0.098
501,02/11/2021 12:05:38 AM,1.074,18.462,0.098
502,02/11/2021 12:06:38 AM,1.050,18.437,0.098
503,02/11/2021 12:07:38 AM,1.050,18.462,0.098
504,02/11/2021 12:08:38 AM,1.050,18.437,0.098
505,02/11/2021 12:09:38 AM,1.026,18.462,0.098
506,02/11/2021 12:10:38 AM,1.050,0.073,0.073
507,02/11/2021 12:11:38 AM,1.026,0.073,0.073
508,02/11/2021 12:12:38 AM,1.270,0.049,0.049
509,02/11/2021 12:13:38 AM,1.026,0.073,0.073
510,02/11/2021 12:14:38 AM,1.026,0.073,0.073
511,02/11/2021 12:15:38 AM,1.026,0.073,0.073
512,02/11/2021 12:16:38 AM,1.026,0.073,0.073
513,02/11/2021 12:17:38 AM,1.026,0.073,0.073
514,02/11/2021 12:18:38 AM,1.026,0.073,0.073
515,02/11/2021 12:19:38 AM,1.026,0.073,0.073
516,02/11/2021 12:20:38 AM,1.026,0.073,0.049
517,02/11/2021 12:21:38 AM,1.026,0.073,0.073
518,02/11/2021 12:22:38 AM,1.026,0.073,0.073
519,02/11/2021 12:23:38 AM,1.026,0.073,0.049
520,02/11/2021 12:24:38 AM,1.001,0.073,0.073
521,02/11/2021 12:25:38 AM,1.001,0.073,0.049
522,02/11/2021 12:26:38 AM,1.026,0.049,0.073
523,02/11/2021 12:27:38 AM,1.026,0.073,0.073
524,02/11/2021 12:28:38 AM,1.026,0.073,0.049
525,02/11/2021 12:29:38 AM,1.026,0.073,0.073
526,02/11/2021 12:30:38 AM,1.026,0.073,0.049
527,02/11/2021 12:31:38 AM,1.001,0.073,0.073
528,02/11/2021 12:32:38 AM,1.026,0.073,0.073
529,02/11/2021 12:33:38 AM,1.001,0.073,0.049
530,02/11/2021 12:34:38 AM,1.001,0.073,0.073
531,02/11/2021 12:35:38 AM,1.026,0.073,0.073
532,02/11/2021 12:36:38 AM,1.026,0.073,0.073
533,02/11/2021 12:37:38 AM,1.026,0.073,0.073
534,02/11/2021 12:38:38 AM,1.026,0.073,0.073
535,02/11/2021 12:39:38 AM,1.026,0.073,0.073
536,02/11/2021 12:40:38 AM,1.099,0.073,0.073
537,02/11/2021 12:41:38 AM,1.123,0.073,0.073
538,02/11/2021 12:42:38 AM,1.368,0.073,0.073
539,02/11/2021 12:43:38 AM,1.148,0.073,0.073
540,02/11/2021 12:44:38 AM,1.148,0.073,0.073
541,02/11/2021 12:45:38 AM,1.172,0.073,0.073
542,02/11/2021 12:46:38 AM,1.172,0.073,0.073
543,02/11/2021 12:47:38 AM,1.172,0.073,0.073
544,02/11/2021 12:48:38 AM,1.172,0.073,0.073
545,02/11/2021 12:49:38 AM,1.148,0.073,0.073
546,02/11/2021 12:50:38 AM,1.172,0.073,0.073
547,02/11/2021 12:51:38 AM,1.172,0.073,0.073
548,02/11/2021 12:52:38 AM,1.172,0.073,0.073
549,02/11/2021 12:53:38 AM,1.172,0.073,0.073
550,02/11/2021 12:54:38 AM,1.172,0.049,0.073
551,02/11/2021 12:55:38 AM,1.172,0.073,0.073
552,02/11/2021 12:56:38 AM,1.172,0.073,0.073
553,02/11/2021 12:57:38 AM,1.172,0.073,0.073
554,02/11/2021 12:58:38 AM,1.172,0.073,0.073
555,02/11/2021 12:59:38 AM,1.172,0.073,0.073
556,02/11/2021 01:00:38 AM,1.172,0.073,0.073
557,02/11/2021 01:01:38 AM,1.172,0.073,0.073
558,02/11/2021 01:02:38 AM,1.172,0.073,0.073
559,02/11/2021 01:03:38 AM,1.172,0.073,0.073
560,02/11/2021 01:04:38 AM,1.172,0.073,0.073
561,02/11/2021 01:05:38 AM,1.148,0.073,0.073
562,02/11/2021 01:06:38 AM,1.099,0.073,0.073
563,02/11/2021 01:07:38 AM,1.074,18.608,0.122
564,02/11/2021 01:08:38 AM,1.074,18.535,0.122
565,02/11/2021 01:09:38 AM,1.050,18.510,0.122
566,02/11/2021 01:10:38 AM,1.050,18.486,0.122
567,02/11/2021 01:11:38 AM,1.050,18.510,0.098
568,02/11/2021 01:12:38 AM,1.270,18.510,0.098
569,02/11/2021 01:13:38 AM,1.026,18.486,0.098
570,02/11/2021 01:14:38 AM,1.026,18.486,0.098
571,02/11/2021 01:15:38 AM,1.026,18.535,0.098
572,02/11/2021 01:16:38 AM,1.026,18.510,0.098
573,02/11/2021 01:17:38 AM,1.026,18.486,0.098
574,02/11/2021 01:18:38 AM,1.026,0.073,0.049
575,02/11/2021 01:19:38 AM,1.026,0.073,0.073
576,02/11/2021 01:20:38 AM,1.001,0.073,0.073
577,02/11/2021 01:21:38 AM,1.026,0.073,0.073
578,02/11/2021 01:22:38 AM,1.026,0.049,0.073
579,02/11/2021 01:23:38 AM,1.001,0.073,0.073
580,02/11/2021 01:24:38 AM,1.026,0.073,0.073
581,02/11/2021 01:25:38 AM,1.026,0.073,0.049
582,02/11/2021 01:26:38 AM,1.001,0.073,0.073
583,02/11/2021 01:27:38 AM,1.026,0.073,0.073
584,02/11/2021 01:28:38 AM,1.001,0.073,0.073
585,02/11/2021 01:29:38 AM,1.001,0.073,0.073
586,02/11/2021 01:30:38 AM,1.001,0.073,0.073
587,02/11/2021 01:31:38 AM,1.001,0.073,0.073
588,02/11/2021 01:32:38 AM,1.001,0.049,0.073
589,02/11/2021 01:33:38 AM,1.001,0.049,0.073
590,02/11/2021 01:34:38 AM,1.001,0.073,0.073
591,02/11/2021 01:35:38 AM,1.001,0.049,0.073
592,02/11/2021 01:36:38 AM,1.001,0.073,0.073
593,02/11/2021 01:37:38 AM,1.001,0.073,0.073
594,02/11/2021 01:38:38 AM,1.001,0.049,0.049
595,02/11/2021 01:39:38 AM,1.001,0.073,0.073
596,02/11/2021 01:40:38 AM,1.001,0.073,0.073
597,02/11/2021 01:41:38 AM,1.001,0.049,0.073
598,02/11/2021 01:42:38 AM,1.245,0.073,0.073
599,02/11/2021 01:43:38 AM,1.001,0.073,0.073
600,02/11/2021 01:44:38 AM,1.001,0.049,0.073
601,02/11/2021 01:45:38 AM,1.001,0.073,0.073
602,02/11/2021 01:46:38 AM,1.001,0.073,0.073
603,02/11/2021 01:47:38 AM,1.001,0.073,0.073
604,02/11/2021 01:48:38 AM,1.001,0.073,0.073
605,02/11/2021 01:49:38 AM,1.001,0.073,0.073
606,02/11/2021 01:50:38 AM,1.001,0.073,0.073
607,02/11/2021 01:51:38 AM,0.977,0.049,0.073
608,02/11/2021 01:52:38 AM,0.977,0.049,0.073
609,02/11/2021 01:53:38 AM,0.977,0.073,0.073
610,02/11/2021 01:54:38 AM,0.977,0.073,0.073
611,02/11/2021 01:55:38 AM,1.001,0.049,0.073
612,02/11/2021 01:56:38 AM,0.977,0.073,0.073
613,02/11/2021 01:57:38 AM,0.977,0.073,0.073
614,02/11/2021 01:58:38 AM,0.977,0.073,0.073
615,02/11/2021 01:59:38 AM,0.977,0.073,0.073
616,02/11/2021 02:00:38 AM,1.001,0.049,0.073
617,02/11/2021 02:01:38 AM,0.977,0.073,0.073
618,02/11/2021 02:02:38 AM,0.977,0.073,0.073
619,02/11/2021 02:03:38 AM,0.977,0.073,0.073
620,02/11/2021 02:04:38 AM,0.977,0.073,0.073
621,02/11/2021 02:05:38 AM,0.977,0.073,0.073
622,02/11/2021 02:06:38 AM,0.977,0.073,0.073
623,02/11/2021 02:07:38 AM,0.977,0.049,0.073
624,02/11/2021 02:08:38 AM,0.977,0.073,0.073
625,02/11/2021 02:09:38 AM,1.001,0.073,0.098
626,02/11/2021 02:10:38 AM,0.977,0.073,0.073
627,02/11/2021 02:11:38 AM,0.977,0.073,0.073
628,02/11/2021 02:12:38 AM,1.245,0.073,0.073
629,02/11/2021 02:13:38 AM,1.050,0.073,0.073
630,02/11/2021 02:14:38 AM,1.099,0.049,0.073
631,02/11/2021 02:15:38 AM,1.099,0.049,0.073
632,02/11/2021 02:16:38 AM,1.123,0.073,0.073
633,02/11/2021 02:17:38 AM,1.123,0.073,0.073
634,02/11/2021 02:18:38 AM,1.123,0.073,0.073
635,02/11/2021 02:19:38 AM,1.123,0.049,0.073
636,02/11/2021 02:20:38 AM,1.123,0.049,0.073
637,02/11/2021 02:21:38 AM,1.123,0.073,0.073
638,02/11/2021 02:22:38 AM,1.123,0.073,0.073
639,02/11/2021 02:23:38 AM,1.148,0.049,0.073
640,02/11/2021 02:24:38 AM,1.123,0.049,0.073
641,02/11/2021 02:25:38 AM,1.148,0.073,0.073
642,02/11/2021 02:26:38 AM,1.123,18.559,0.122
643,02/11/2021 02:27:38 AM,1.123,18.559,0.122
644,02/11/2021 02:28:38 AM,1.123,18.559,0.098
645,02/11/2021 02:29:38 AM,1.123,18.584,0.098
646,02/11/2021 02:30:38 AM,1.148,18.559,0.122
647,02/11/2021 02:31:38 AM,1.148,18.559,0.098
648,02/11/2021 02:32:38 AM,1.148,18.559,0.098
649,02/11/2021 02:33:38 AM,1.148,18.559,0.098
650,02/11/2021 02:34:38 AM,1.148,18.535,0.098
651,02/11/2021 02:35:38 AM,1.148,18.535,0.122
652,02/11/2021 02:36:38 AM,1.148,18.584,0.098
653,02/11/2021 02:37:38 AM,1.148,0.073,0.073
654,02/11/2021 02:38:38 AM,1.099,0.073,0.073
655,02/11/2021 02:39:38 AM,1.074,0.073,0.073
656,02/11/2021 02:40:38 AM,1.050,0.073,0.049
657,02/11/2021 02:41:38 AM,1.050,0.073,0.073
658,02/11/2021 02:42:38 AM,1.270,0.073,0.073
659,02/11/2021 02:43:38 AM,1.026,0.073,0.073
660,02/11/2021 02:44:38 AM,1.026,0.073,0.757
661,02/11/2021 02:45:38 AM,1.026,0.049,0.708
662,02/11/2021 02:46:38 AM,1.026,0.073,0.708
663,02/11/2021 02:47:38 AM,1.001,0.073,0.708
664,02/11/2021 02:48:38 AM,1.001,0.073,0.708
665,02/11/2021 02:49:38 AM,1.001,0.073,0.684
666,02/11/2021 02:50:38 AM,1.001,0.073,0.684
667,02/11/2021 02:51:38 AM,1.026,0.073,0.684
668,02/11/2021 02:52:38 AM,1.026,0.073,0.684
669,02/11/2021 02:53:38 AM,1.001,0.073,0.684
670,02/11/2021 02:54:38 AM,1.001,0.049,0.684
671,02/11/2021 02:55:38 AM,1.001,0.073,0.684
672,02/11/2021 02:56:38 AM,1.001,0.073,0.684
673,02/11/2021 02:57:38 AM,1.001,0.073,0.684
674,02/11/2021 02:58:38 AM,1.001,0.073,0.684
675,02/11/2021 02:59:38 AM,1.001,0.073,0.659
676,02/11/2021 03:00:38 AM,0.977,0.073,0.659
677,02/11/2021 03:01:38 AM,1.001,0.049,0.684
678,02/11/2021 03:02:38 AM,1.001,0.049,0.659
679,02/11/2021 03:03:38 AM,1.001,0.073,0.684
680,02/11/2021 03:04:38 AM,1.001,0.073,0.659
681,02/11/2021 03:05:38 AM,0.977,0.049,0.684
682,02/11/2021 03:06:38 AM,1.001,0.073,0.684
683,02/11/2021 03:07:38 AM,1.001,0.073,0.684
684,02/11/2021 03:08:38 AM,1.001,0.073,0.659
685,02/11/2021 03:09:38 AM,0.977,0.073,0.659
686,02/11/2021 03:10:38 AM,0.977,0.073,0.659
687,02/11/2021 03:11:38 AM,0.977,0.073,0.659
688,02/11/2021 03:12:38 AM,1.221,0.073,0.684
689,02/11/2021 03:13:38 AM,1.001,0.073,0.659
690,02/11/2021 03:14:38 AM,0.977,0.073,0.659
691,02/11/2021 03:15:38 AM,0.977,0.073,0.659
692,02/11/2021 03:16:38 AM,0.122,0.049,0.659
693,02/11/2021 03:17:38 AM,0.122,0.073,0.659
694,02/11/2021 03:18:38 AM,0.122,0.073,0.659
695,02/11/2021 03:19:38 AM,0.147,0.049,0.659
696,02/11/2021 03:20:38 AM,0.122,0.073,0.659
697,02/11/2021 03:21:38 AM,0.122,0.073,0.659
698,02/11/2021 03:22:38 AM,0.122,0.073,0.659
699,02/11/2021 03:23:38 AM,0.147,0.049,0.659
700,02/11/2021 03:24:38 AM,0.122,0.049,0.659
701,02/11/2021 03:25:38 AM,0.122,0.073,0.659
702,02/11/2021 03:26:38 AM,0.122,0.073,0.659
703,02/11/2021 03:27:38 AM,0.122,0.073,0.659
704,02/11/2021 03:28:38 AM,0.122,0.073,0.659
705,02/11/2021 03:29:38 AM,0.122,0.073,0.659
706,02/11/2021 03:30:38 AM,0.147,0.073,0.659
707,02/11/2021 03:31:38 AM,0.122,0.073,0.659
708,02/11/2021 03:32:38 AM,0.147,0.073,0.659
709,02/11/2021 03:33:38 AM,0.122,0.073,0.659
710,02/11/2021 03:34:38 AM,0.122,0.049,0.659
711,02/11/2021 03:35:38 AM,0.147,0.073,0.659
712,02/11/2021 03:36:38 AM,0.147,0.073,0.659
713,02/11/2021 03:37:38 AM,0.122,0.073,0.659
714,02/11/2021 03:38:38 AM,0.147,0.073,0.659
715,02/11/2021 03:39:38 AM,0.122,0.073,0.659
716,02/11/2021 03:40:38 AM,0.122,0.049,0.659
717,02/11/2021 03:41:38 AM,0.147,0.073,0.659
718,02/11/2021 03:42:38 AM,0.147,18.559,0.708
719,02/11/2021 03:43:38 AM,0.122,18.535,0.733
720,02/11/2021 03:44:38 AM,0.122,18.535,0.708
721,02/11/2021 03:45:38 AM,0.147,18.559,0.733
722,02/11/2021 03:46:38 AM,0.147,18.535,0.708
723,02/11/2021 03:47:38 AM,0.122,18.535,0.733
724,02/11/2021 03:48:38 AM,0.122,18.559,0.708
725,02/11/2021 03:49:38 AM,0.147,18.559,0.733
726,02/11/2021 03:50:38 AM,0.122,18.559,0.733
727,02/11/2021 03:51:38 AM,0.122,18.535,0.708
728,02/11/2021 03:52:38 AM,0.122,0.073,0.659
729,02/11/2021 03:53:38 AM,0.122,0.073,0.659
730,02/11/2021 03:54:38 AM,0.098,0.073,0.659
731,02/11/2021 03:55:38 AM,0.122,0.073,0.659
732,02/11/2021 03:56:38 AM,1.123,0.073,0.635
733,02/11/2021 03:57:38 AM,1.099,0.073,0.659
734,02/11/2021 03:58:38 AM,1.123,0.049,0.659
735,02/11/2021 03:59:38 AM,1.123,0.073,0.659
736,02/11/2021 04:00:38 AM,1.099,0.073,0.635
737,02/11/2021 04:01:38 AM,1.099,0.073,0.659
738,02/11/2021 04:02:38 AM,1.123,0.073,0.659
739,02/11/2021 04:03:38 AM,1.148,0.049,0.659
740,02/11/2021 04:04:38 AM,1.172,0.073,0.659
741,02/11/2021 04:05:38 AM,1.197,0.073,0.635
742,02/11/2021 04:06:38 AM,1.197,0.073,0.659
743,02/11/2021 04:07:38 AM,1.197,0.073,0.659
744,02/11/2021 04:08:38 AM,1.197,0.073,0.659
745,02/11/2021 04:09:38 AM,1.197,0.073,0.659
746,02/11/2021 04:10:38 AM,1.197,0.073,0.635
747,02/11/2021 04:11:38 AM,1.172,0.073,0.635
748,02/11/2021 04:12:38 AM,1.416,0.073,0.635
749,02/11/2021 04:13:38 AM,1.172,0.073,0.659
750,02/11/2021 04:14:38 AM,1.172,0.073,0.635
751,02/11/2021 04:15:38 AM,1.172,0.073,0.635
752,02/11/2021 04:16:38 AM,1.172,0.073,0.635
753,02/11/2021 04:17:38 AM,1.172,0.073,0.635
754,02/11/2021 04:18:38 AM,1.172,0.073,0.635
755,02/11/2021 04:19:38 AM,1.172,0.073,0.659
756,02/11/2021 04:20:38 AM,1.172,0.073,0.659
757,02/11/2021 04:21:38 AM,1.197,0.073,0.635
758,02/11/2021 04:22:38 AM,1.172,0.073,0.659
759,02/11/2021 04:23:38 AM,1.197,0.049,0.659
760,02/11/2021 04:24:38 AM,1.197,0.073,0.635
761,02/11/2021 04:25:38 AM,1.172,0.073,0.635
762,02/11/2021 04:26:38 AM,1.172,0.073,0.635
763,02/11/2021 04:27:38 AM,1.172,0.073,0.635
764,02/11/2021 04:28:38 AM,1.123,0.073,0.635
765,02/11/2021 04:29:38 AM,1.123,0.049,0.635
766,02/11/2021 04:30:38 AM,1.099,0.073,0.659
767,02/11/2021 04:31:38 AM,1.074,0.049,0.635
768,02/11/2021 04:32:38 AM,1.074,0.073,0.073
769,02/11/2021 04:33:38 AM,1.074,0.073,0.073
770,02/11/2021 04:34:38 AM,1.050,0.073,0.073
771,02/11/2021 04:35:38 AM,1.074,0.073,0.073
772,02/11/2021 04:36:38 AM,1.074,0.073,0.073
773,02/11/2021 04:37:38 AM,1.050,0.073,0.073
774,02/11/2021 04:38:38 AM,1.050,0.073,0.098
775,02/11/2021 04:39:38 AM,1.050,0.073,0.073
776,02/11/2021 04:40:38 AM,1.074,0.073,0.073
777,02/11/2021 04:41:38 AM,1.050,0.049,0.073
778,02/11/2021 04:42:38 AM,1.294,0.073,0.073
779,02/11/2021 04:43:38 AM,1.050,0.073,0.073
780,02/11/2021 04:44:38 AM,1.050,0.073,0.073
781,02/11/2021 04:45:38 AM,1.050,0.073,0.073
782,02/11/2021 04:46:38 AM,1.050,0.073,0.098
783,02/11/2021 04:47:38 AM,1.050,0.073,0.073
784,02/11/2021 04:48:38 AM,1.050,0.049,0.073
785,02/11/2021 04:49:38 AM,1.050,0.073,0.073
786,02/11/2021 04:50:38 AM,2.833,0.073,0.073
787,02/11/2021 04:51:38 AM,2.759,0.073,0.073
788,02/11/2021 04:52:38 AM,2.735,0.073,0.073
789,02/11/2021 04:53:38 AM,2.735,0.073,0.073
790,02/11/2021 04:54:38 AM,2.735,0.073,0.073
791,02/11/2021 04:55:38 AM,2.735,0.073,0.073
792,02/11/2021 04:56:38 AM,2.735,0.073,0.073
793,02/11/2021 04:57:38 AM,2.711,0.073,0.073
794,02/11/2021 04:58:38 AM,2.686,0.073,0.073
795,02/11/2021 04:59:38 AM,2.711,0.073,0.073
796,02/11/2021 05:00:38 AM,2.735,0.073,0.073
797,02/11/2021 05:01:38 AM,2.711,0.073,0.073
798,02/11/2021 05:02:38 AM,2.735,0.073,0.073
799,02/11/2021 05:03:38 AM,2.735,0.073,0.073
800,02/11/2021 05:04:38 AM,2.735,0.073,0.073
801,02/11/2021 05:05:38 AM,2.711,0.073,0.073
802,02/11/2021 05:06:38 AM,2.735,0.073,0.073
803,02/11/2021 05:07:38 AM,2.735,0.073,0.073
804,02/11/2021 05:08:38 AM,2.686,18.486,0.098
805,02/11/2021 05:09:38 AM,2.686,18.486,0.122
806,02/11/2021 05:10:38 AM,2.711,18.486,0.098
807,02/11/2021 05:11:38 AM,2.711,18.510,0.098
808,02/11/2021 05:12:38 AM,2.930,18.486,0.098
809,02/11/2021 05:13:38 AM,2.686,18.486,0.098
810,02/11/2021 05:14:38 AM,2.686,18.510,0.098
811,02/11/2021 05:15:38 AM,2.686,18.535,0.122
812,02/11/2021 05:16:38 AM,2.686,18.486,0.098
813,02/11/2021 05:17:38 AM,2.711,18.510,0.098
814,02/11/2021 05:18:38 AM,2.735,0.098,0.073
815,02/11/2021 05:19:38 AM,0.171,0.073,0.049
816,02/11/2021 05:20:38 AM,0.073,0.073,0.073
817,02/11/2021 05:21:38 AM,0.122,0.073,0.073
818,02/11/2021 05:22:38 AM,0.122,0.073,0.073
819,02/11/2021 05:23:38 AM,0.122,0.073,0.073
820,02/11/2021 05:24:38 AM,0.122,0.073,0.073
821,02/11/2021 05:25:38 AM,0.122,0.049,0.073
822,02/11/2021 05:26:38 AM,0.122,0.073,0.073
823,02/11/2021 05:27:38 AM,0.122,0.073,0.073
824,02/11/2021 05:28:38 AM,0.122,0.073,0.073
825,02/11/2021 05:29:38 AM,0.122,0.073,0.073
826,02/11/2021 05:30:38 AM,0.122,0.073,0.073
827,02/11/2021 05:31:38 AM,0.122,0.073,0.073
828,02/11/2021 05:32:38 AM,0.122,0.049,0.073
829,02/11/2021 05:33:38 AM,1.172,0.049,0.073
830,02/11/2021 05:34:38 AM,1.221,0.073,0.073
831,02/11/2021 05:35:38 AM,1.245,0.073,0.073
832,02/11/2021 05:36:38 AM,1.270,0.073,0.073
833,02/11/2021 05:37:38 AM,1.270,0.073,0.073
834,02/11/2021 05:38:38 AM,1.270,0.073,0.073
835,02/11/2021 05:39:38 AM,1.245,0.073,0.073
836,02/11/2021 05:40:38 AM,1.245,0.073,0.073
837,02/11/2021 05:41:38 AM,1.245,0.049,0.049
838,02/11/2021 05:42:38 AM,1.441,0.073,0.073
839,02/11/2021 05:43:38 AM,1.197,0.073,0.073
840,02/11/2021 05:44:38 AM,1.197,0.073,0.073
841,02/11/2021 05:45:38 AM,1.197,0.073,0.073
842,02/11/2021 05:46:38 AM,1.221,0.073,0.073
843,02/11/2021 05:47:38 AM,1.343,0.049,0.073
844,02/11/2021 05:48:38 AM,1.245,0.049,0.073
845,02/11/2021 05:49:38 AM,1.270,0.049,0.073
846,02/11/2021 05:50:38 AM,1.270,0.073,0.073
847,02/11/2021 05:51:38 AM,1.270,0.049,0.073
848,02/11/2021 05:52:38 AM,1.245,0.073,0.073
849,02/11/2021 05:53:38 AM,1.270,0.049,0.073
850,02/11/2021 05:54:38 AM,1.270,0.073,0.073
851,02/11/2021 05:55:38 AM,1.270,0.073,0.073
852,02/11/2021 05:56:38 AM,1.245,0.073,0.073
853,02/11/2021 05:57:38 AM,1.245,0.073,0.073
854,02/11/2021 05:58:38 AM,1.245,0.073,0.073
855,02/11/2021 05:59:38 AM,1.245,0.073,0.073
856,02/11/2021 06:00:38 AM,1.245,0.073,0.073
857,02/11/2021 06:01:38 AM,1.245,0.073,0.073
858,02/11/2021 06:02:38 AM,1.245,0.049,0.073
859,02/11/2021 06:03:38 AM,1.245,0.073,0.073
860,02/11/2021 06:04:38 AM,1.245,0.073,0.073
861,02/11/2021 06:05:38 AM,1.245,0.073,0.073
862,02/11/2021 06:06:38 AM,1.245,0.073,0.073
863,02/11/2021 06:07:38 AM,1.245,0.073,0.073
864,02/11/2021 06:08:38 AM,1.245,0.073,0.073
865,02/11/2021 06:09:38 AM,1.245,0.049,0.073
866,02/11/2021 06:10:38 AM,1.245,0.049,0.073
867,02/11/2021 06:11:38 AM,1.221,0.073,0.073
868,02/11/2021 06:12:38 AM,1.465,0.073,0.073
869,02/11/2021 06:13:38 AM,1.172,0.073,0.073
870,02/11/2021 06:14:38 AM,1.123,0.049,0.073
871,02/11/2021 06:15:38 AM,1.123,0.073,0.073
872,02/11/2021 06:16:38 AM,1.099,0.073,0.073
873,02/11/2021 06:17:38 AM,1.099,0.073,0.073
874,02/11/2021 06:18:38 AM,1.074,0.073,0.073
875,02/11/2021 06:19:38 AM,1.074,0.049,0.073
876,02/11/2021 06:20:38 AM,1.074,0.073,0.073
877,02/11/2021 06:21:38 AM,1.074,0.073,0.073
878,02/11/2021 06:22:38 AM,1.074,0.073,0.073
879,02/11/2021 06:23:38 AM,1.074,0.049,0.073
880,02/11/2021 06:24:38 AM,1.074,0.073,0.073
881,02/11/2021 06:25:38 AM,1.050,0.073,0.073
882,02/11/2021 06:26:38 AM,1.050,0.073,0.073
883,02/11/2021 06:27:38 AM,1.050,0.073,0.073
884,02/11/2021 06:28:38 AM,1.050,0.073,0.073
885,02/11/2021 06:29:38 AM,1.050,0.049,0.049
886,02/11/2021 06:30:38 AM,1.050,0.073,0.073
887,02/11/2021 06:31:38 AM,1.026,0.073,0.073
888,02/11/2021 06:32:38 AM,1.026,0.073,0.073
889,02/11/2021 06:33:38 AM,1.026,0.073,0.073
890,02/11/2021 06:34:38 AM,1.026,0.073,0.073
891,02/11/2021 06:35:38 AM,1.026,0.049,0.073
892,02/11/2021 06:36:38 AM,1.050,0.049,0.073
893,02/11/2021 06:37:38 AM,1.026,0.049,0.073
894,02/11/2021 06:38:38 AM,1.050,0.049,0.073
895,02/11/2021 06:39:38 AM,1.026,0.073,0.073
896,02/11/2021 06:40:38 AM,1.026,0.073,0.073
897,02/11/2021 06:41:38 AM,1.001,0.073,0.073
898,02/11/2021 06:42:38 AM,1.001,0.073,0.073
899,02/11/2021 06:43:38 AM,1.001,18.315,0.098
900,02/11/2021 06:44:38 AM,1.001,18.242,0.098
901,02/11/2021 06:45:38 AM,1.001,18.291,0.098
902,02/11/2021 06:46:38 AM,1.001,18.266,0.098
903,02/11/2021 06:47:38 AM,1.001,18.266,0.122
904,02/11/2021 06:48:38 AM,1.001,18.266,0.098
905,02/11/2021 06:49:38 AM,1.001,18.315,0.098
906,02/11/2021 06:50:38 AM,1.001,18.291,0.098
907,02/11/2021 06:51:38 AM,1.001,18.291,0.098
908,02/11/2021 06:52:38 AM,1.001,18.315,0.098
909,02/11/2021 06:53:38 AM,1.001,18.339,0.098
910,02/11/2021 06:54:38 AM,1.001,0.073,0.049
911,02/11/2021 06:55:38 AM,1.001,0.073,0.073
912,02/11/2021 06:56:38 AM,1.001,0.073,0.073
913,02/11/2021 06:57:38 AM,1.001,0.073,0.049
914,02/11/2021 06:58:38 AM,0.977,0.073,0.073
915,02/11/2021 06:59:38 AM,1.001,0.073,0.049
916,02/11/2021 07:00:38 AM,0.977,0.049,0.073
917,02/11/2021 07:01:38 AM,1.001,0.073,0.049
918,02/11/2021 07:02:38 AM,1.001,0.073,0.049
919,02/11/2021 07:03:38 AM,0.977,0.073,0.073
920,02/11/2021 07:04:38 AM,1.001,0.073,0.049
921,02/11/2021 07:05:38 AM,1.001,0.073,0.049
922,02/11/2021 07:06:38 AM,1.001,0.049,0.049
923,02/11/2021 07:07:38 AM,1.001,0.049,0.049
924,02/11/2021 07:08:38 AM,1.001,0.073,0.073
925,02/11/2021 07:09:38 AM,1.001,0.073,0.073
926,02/11/2021 07:10:38 AM,1.001,0.073,0.049
927,02/11/2021 07:11:38 AM,0.977,0.073,0.049
928,02/11/2021 07:12:38 AM,0.977,0.073,0.049
929,02/11/2021 07:13:38 AM,0.977,0.073,0.049
930,02/11/2021 07:14:38 AM,0.977,0.073,0.049
931,02/11/2021 07:15:38 AM,0.977,0.049,0.049
932,02/11/2021 07:16:38 AM,0.977,0.073,0.049
933,02/11/2021 07:17:38 AM,1.001,0.073,0.049
934,02/11/2021 07:18:38 AM,1.001,0.049,0.073
935,02/11/2021 07:19:38 AM,0.977,0.073,0.073
936,02/11/2021 07:20:38 AM,0.977,0.073,0.073
937,02/11/2021 07:21:38 AM,1.001,0.073,0.073
938,02/11/2021 07:22:38 AM,0.977,0.073,0.073
939,02/11/2021 07:23:38 AM,0.977,0.073,0.073
940,02/11/2021 07:24:38 AM,0.977,0.073,0.073
941,02/11/2021 07:25:38 AM,0.977,0.073,0.049
942,02/11/2021 07:26:38 AM,0.977,0.049,0.073
943,02/11/2021 07:27:38 AM,0.977,0.049,0.073
944,02/11/2021 07:28:38 AM,0.122,0.049,0.049
945,02/11/2021 07:29:38 AM,0.122,0.049,0.049
946,02/11/2021 07:30:38 AM,0.122,0.073,0.073
947,02/11/2021 07:31:38 AM,0.122,0.049,0.073
948,02/11/2021 07:32:38 AM,0.122,0.049,0.049
949,02/11/2021 07:33:38 AM,0.122,0.049,0.049
950,02/11/2021 07:34:38 AM,0.122,0.049,0.073
951,02/11/2021 07:35:38 AM,0.122,0.049,0.073
952,02/11/2021 07:36:38 AM,0.122,0.049,0.049
953,02/11/2021 07:37:38 AM,0.122,0.073,0.073
954,02/11/2021 07:38:38 AM,0.122,0.073,0.073
955,02/11/2021 07:39:38 AM,0.122,0.073,0.073
956,02/11/2021 07:40:38 AM,0.122,0.073,0.073
957,02/11/2021 07:41:38 AM,0.098,0.073,0.049
958,02/11/2021 07:42:38 AM,0.122,0.073,0.049
959,02/11/2021 07:43:38 AM,0.122,0.073,0.073
960,02/11/2021 07:44:38 AM,0.122,0.049,0.049
961,02/11/2021 07:45:38 AM,0.122,0.073,0.073
962,02/11/2021 07:46:38 AM,0.122,0.049,0.049
963,02/11/2021 07:47:38 AM,0.122,0.073,0.073
964,02/11/2021 07:48:38 AM,0.122,0.073,0.073
965,02/11/2021 07:49:38 AM,0.122,0.073,0.073
966,02/11/2021 07:50:38 AM,0.122,0.073,0.073
967,02/11/2021 07:51:38 AM,0.122,0.049,0.049
968,02/11/2021 07:52:38 AM,0.122,0.049,0.049
969,02/11/2021 07:53:38 AM,0.122,0.049,0.073
970,02/11/2021 07:54:38 AM,0.122,0.073,0.073
971,02/11/2021 07:55:38 AM,0.098,0.073,0.049
972,02/11/2021 07:56:38 AM,0.122,0.049,0.049
973,02/11/2021 07:57:38 AM,0.122,0.073,0.049
974,02/11/2021 07:58:38 AM,0.122,0.073,0.049
975,02/11/2021 07:59:38 AM,0.122,0.073,0.757
976,02/11/2021 08:00:38 AM,0.122,0.049,0.708
977,02/11/2021 08:01:38 AM,0.122,0.073,0.708
978,02/11/2021 08:02:38 AM,0.122,0.049,0.708
979,02/11/2021 08:03:38 AM,0.122,0.073,0.708
980,02/11/2021 08:04:38 AM,0.122,0.049,0.708
981,02/11/2021 08:05:38 AM,0.122,0.073,0.708
982,02/11/2021 08:06:38 AM,0.098,0.073,0.708
983,02/11/2021 08:07:38 AM,0.122,0.073,0.684
984,02/11/2021 08:08:38 AM,0.122,0.073,0.684
985,02/11/2021 08:09:38 AM,1.123,0.073,0.684
986,02/11/2021 08:10:38 AM,1.099,0.073,0.684
987,02/11/2021 08:11:38 AM,1.123,0.073,0.684
988,02/11/2021 08:12:38 AM,1.099,0.073,0.684
989,02/11/2021 08:13:38 AM,1.099,0.073,0.708
990,02/11/2021 08:14:38 AM,1.099,0.073,0.708
991,02/11/2021 08:15:38 AM,1.221,0.073,0.708
992,02/11/2021 08:16:38 AM,1.148,0.073,0.684
993,02/11/2021 08:17:38 AM,1.172,0.073,0.684
994,02/11/2021 08:18:38 AM,1.197,0.073,0.684
995,02/11/2021 08:19:38 AM,1.197,0.073,0.684
996,02/11/2021 08:20:38 AM,1.172,18.339,0.757
997,02/11/2021 08:21:38 AM,1.197,18.217,0.757
998,02/11/2021 08:22:38 AM,1.197,18.217,0.757
999,02/11/2021 08:23:38 AM,1.197,18.217,0.757
1000,02/11/2021 08:24:38 AM,1.172,18.242,0.733
1001,02/11/2021 08:25:38 AM,1.197,18.217,0.733
1002,02/11/2021 08:26:38 AM,1.172,18.217,0.733
1003,02/11/2021 08:27:38 AM,1.172,18.242,0.757
1004,02/11/2021 08:28:38 AM,1.172,18.217,0.757
1005,02/11/2021 08:29:38 AM,1.172,18.217,0.733
1006,02/11/2021 08:30:38 AM,1.172,18.217,0.757
1007,02/11/2021 08:31:38 AM,1.172,0.073,0.684
1008,02/11/2021 08:32:38 AM,1.172,0.073,0.684
1009,02/11/2021 08:33:38 AM,1.197,0.049,0.684
1010,02/11/2021 08:34:38 AM,1.172,0.049,0.684
1011,02/11/2021 08:35:38 AM,1.172,0.073,0.684
1012,02/11/2021 08:36:38 AM,1.172,0.073,0.684
1013,02/11/2021 08:37:38 AM,1.172,0.073,0.684
1014,02/11/2021 08:38:38 AM,1.197,0.073,0.684
1015,02/11/2021 08:39:38 AM,1.172,0.073,0.684
1016,02/11/2021 08:40:38 AM,1.172,0.073,0.684
1017,02/11/2021 08:41:38 AM,1.148,0.073,0.684
1018,02/11/2021 08:42:38 AM,1.099,0.073,0.684
1019,02/11/2021 08:43:38 AM,1.294,0.073,0.684
1020,02/11/2021 08:44:38 AM,1.074,0.073,0.684
1021,02/11/2021 08:45:38 AM,1.050,0.073,0.684
1022,02/11/2021 08:46:38 AM,1.050,0.073,0.684
1023,02/11/2021 08:47:38 AM,1.026,0.073,0.684
1024,02/11/2021 08:48:38 AM,1.026,0.073,0.659
1025,02/11/2021 08:49:38 AM,1.026,0.073,0.684
1026,02/11/2021 08:50:38 AM,1.026,0.073,0.659
1027,02/11/2021 08:51:38 AM,1.026,0.073,0.684
1028,02/11/2021 08:52:38 AM,1.074,0.073,0.684
1029,02/11/2021 08:53:38 AM,1.099,0.073,0.684
1030,02/11/2021 08:54:38 AM,1.099,0.073,0.659
1031,02/11/2021 08:55:38 AM,1.074,0.073,0.659
1032,02/11/2021 08:56:38 AM,1.099,0.073,0.659
1033,02/11/2021 08:57:38 AM,1.099,0.073,0.659
1034,02/11/2021 08:58:38 AM,1.123,0.049,0.684
1035,02/11/2021 08:59:38 AM,1.123,0.073,0.684
1036,02/11/2021 09:00:38 AM,1.148,0.073,0.684
1037,02/11/2021 09:01:38 AM,1.148,0.073,0.684
1038,02/11/2021 09:02:38 AM,1.148,0.049,0.684
1039,02/11/2021 09:03:38 AM,1.148,0.073,0.684
1040,02/11/2021 09:04:38 AM,1.148,0.073,0.684
1041,02/11/2021 09:05:38 AM,1.148,0.073,0.659
1042,02/11/2021 09:06:38 AM,1.172,0.073,0.659
1043,02/11/2021 09:07:38 AM,1.123,0.073,0.659
1044,02/11/2021 09:08:38 AM,1.123,0.073,0.684
1045,02/11/2021 09:09:38 AM,1.123,0.073,0.659
1046,02/11/2021 09:10:38 AM,1.123,0.049,0.659
1047,02/11/2021 09:11:38 AM,1.123,0.073,0.659
1048,02/11/2021 09:12:38 AM,1.123,0.073,0.659
1049,02/11/2021 09:13:38 AM,1.368,0.073,0.684
1050,02/11/2021 09:14:38 AM,1.148,0.073,0.684
1051,02/11/2021 09:15:38 AM,1.148,0.049,0.659
1052,02/11/2021 09:16:38 AM,1.148,0.049,0.659
1053,02/11/2021 09:17:38 AM,1.148,0.073,0.659
1054,02/11/2021 09:18:38 AM,1.148,0.073,0.659
1055,02/11/2021 09:19:38 AM,1.148,0.073,0.659
1056,02/11/2021 09:20:38 AM,1.197,0.049,0.659
1057,02/11/2021 09:21:38 AM,1.099,0.049,0.659
1058,02/11/2021 09:22:38 AM,1.148,0.073,0.659
1059,02/11/2021 09:23:38 AM,1.148,0.049,0.659
1060,02/11/2021 09:24:38 AM,1.148,0.073,0.659
1061,02/11/2021 09:25:38 AM,1.148,0.073,0.659
1062,02/11/2021 09:26:38 AM,1.123,0.073,0.659
1063,02/11/2021 09:27:38 AM,1.074,0.073,0.659
1064,02/11/2021 09:28:38 AM,1.148,0.073,0.659
1065,02/11/2021 09:29:38 AM,1.123,0.073,0.659
1066,02/11/2021 09:30:38 AM,1.123,0.073,0.659
1067,02/11/2021 09:31:38 AM,1.123,0.073,0.659
1068,02/11/2021 09:32:38 AM,1.123,0.073,0.659
1069,02/11/2021 09:33:38 AM,1.123,0.049,0.659
1070,02/11/2021 09:34:38 AM,1.123,0.073,0.659
1071,02/11/2021 09:35:38 AM,1.123,0.073,0.659
1072,02/11/2021 09:36:38 AM,1.099,0.073,0.659
1073,02/11/2021 09:37:38 AM,1.099,0.073,0.659
1074,02/11/2021 09:38:38 AM,1.099,0.073,0.049
1075,02/11/2021 09:39:38 AM,1.099,0.073,0.049
1076,02/11/2021 09:40:38 AM,1.099,0.073,0.049
1077,02/11/2021 09:41:38 AM,1.099,0.073,0.049
1078,02/11/2021 09:42:38 AM,1.099,0.049,0.049
1079,02/11/2021 09:43:38 AM,1.294,0.073,0.073
1080,02/11/2021 09:44:38 AM,1.074,0.073,0.049
1081,02/11/2021 09:45:38 AM,1.099,0.073,0.049
1082,02/11/2021 09:46:38 AM,1.099,0.073,0.049
1083,02/11/2021 09:47:38 AM,1.099,0.073,0.073
1084,02/11/2021 09:48:38 AM,1.074,0.073,0.073
1085,02/11/2021 09:49:38 AM,1.074,0.049,0.049
1086,02/11/2021 09:50:38 AM,1.074,0.073,0.049
1087,02/11/2021 09:51:38 AM,1.099,0.073,0.073
1088,02/11/2021 09:52:38 AM,1.074,0.073,0.049
1089,02/11/2021 09:53:38 AM,1.074,0.073,0.049
1090,02/11/2021 09:54:38 AM,1.074,0.073,0.049
1091,02/11/2021 09:55:38 AM,1.074,0.073,0.073
1092,02/11/2021 09:56:38 AM,1.050,18.266,0.073
1093,02/11/2021 09:57:38 AM,1.074,18.242,0.098
1094,02/11/2021 09:58:38 AM,1.074,18.291,0.073
1095,02/11/2021 09:59:38 AM,1.050,18.291,0.073
1096,02/11/2021 10:00:38 AM,1.050,18.339,0.098
1097,02/11/2021 10:01:38 AM,1.050,18.291,0.098
1098,02/11/2021 10:02:38 AM,1.050,18.242,0.073
1099,02/11/2021 10:03:38 AM,1.050,18.217,0.098
1100,02/11/2021 10:04:38 AM,1.050,18.315,0.098
1101,02/11/2021 10:05:38 AM,1.050,18.242,0.098
1102,02/11/2021 10:06:38 AM,1.050,18.242,0.073
1103,02/11/2021 10:07:38 AM,1.050,18.242,0.073
1104,02/11/2021 10:08:38 AM,1.050,18.217,0.098
1105,02/11/2021 10:09:38 AM,1.050,18.217,0.073
1106,02/11/2021 10:10:38 AM,1.050,18.242,0.098
1107,02/11/2021 10:11:38 AM,1.050,18.364,0.098
1108,02/11/2021 10:12:38 AM,1.050,18.217,0.073
1109,02/11/2021 10:13:38 AM,1.270,18.315,0.073
1110,02/11/2021 10:14:38 AM,1.026,18.315,0.073
1111,02/11/2021 10:15:38 AM,1.026,18.364,0.073
1112,02/11/2021 10:16:38 AM,1.026,18.364,0.073
1113,02/11/2021 10:17:38 AM,1.026,18.388,0.073
1114,02/11/2021 10:18:38 AM,1.026,0.073,0.024
1115,02/11/2021 10:19:38 AM,1.026,0.073,0.049
1116,02/11/2021 10:20:38 AM,1.050,0.073,0.024
1117,02/11/2021 10:21:38 AM,1.050,0.073,0.049
1118,02/11/2021 10:22:38 AM,1.050,0.073,0.024
1119,02/11/2021 10:23:38 AM,1.050,0.073,0.024
1120,02/11/2021 10:24:38 AM,1.026,0.073,0.024
1121,02/11/2021 10:25:38 AM,1.050,0.073,0.024
1122,02/11/2021 10:26:38 AM,1.026,0.098,0.049
1123,02/11/2021 10:27:38 AM,1.026,0.073,0.024
1124,02/11/2021 10:28:38 AM,1.880,0.073,0.049
1125,02/11/2021 10:29:38 AM,1.026,0.098,0.049
1126,02/11/2021 10:30:38 AM,1.026,0.073,0.049
1127,02/11/2021 10:31:38 AM,1.026,0.073,0.024
1128,02/11/2021 10:32:38 AM,1.026,0.073,0.049
1129,02/11/2021 10:33:38 AM,1.026,0.073,0.049
1130,02/11/2021 10:34:38 AM,1.026,0.073,0.049
1131,02/11/2021 10:35:38 AM,1.026,0.073,0.049
1132,02/11/2021 10:36:38 AM,1.026,0.073,0.049
1133,02/11/2021 10:37:38 AM,1.026,0.073,0.024
1134,02/11/2021 10:38:38 AM,1.026,0.073,0.024
1135,02/11/2021 10:39:38 AM,1.026,0.073,0.049
1136,02/11/2021 10:40:38 AM,1.026,0.073,0.024
1137,02/11/2021 10:41:38 AM,1.026,0.073,0.024
1138,02/11/2021 10:42:38 AM,1.001,0.073,0.049
1139,02/11/2021 10:43:38 AM,1.221,0.073,0.024
1140,02/11/2021 10:44:38 AM,1.026,0.073,0.049
1141,02/11/2021 10:45:38 AM,1.026,0.073,0.049
1142,02/11/2021 10:46:38 AM,1.050,0.073,0.024
1143,02/11/2021 10:47:38 AM,1.026,0.073,0.049
1144,02/11/2021 10:48:38 AM,1.050,0.073,0.024
1145,02/11/2021 10:49:38 AM,1.099,0.073,0.024
1146,02/11/2021 10:50:38 AM,1.148,0.073,0.049
1147,02/11/2021 10:51:38 AM,1.148,0.073,0.049
1148,02/11/2021 10:52:38 AM,1.172,0.073,0.024
1149,02/11/2021 10:53:38 AM,1.172,0.073,0.049
1150,02/11/2021 10:54:38 AM,1.172,0.073,0.049
1151,02/11/2021 10:55:38 AM,1.172,0.073,0.049
1152,02/11/2021 10:56:38 AM,1.172,0.098,0.049
1153,02/11/2021 10:57:38 AM,1.197,0.073,0.049
1154,02/11/2021 10:58:38 AM,1.172,0.073,0.049
1155,02/11/2021 10:59:38 AM,1.172,0.073,0.049
1156,02/11/2021 11:00:38 AM,1.172,0.049,0.049
1157,02/11/2021 11:01:38 AM,1.197,0.073,0.024
1158,02/11/2021 11:02:38 AM,1.197,0.073,0.049
1159,02/11/2021 11:03:38 AM,1.172,0.073,0.049
1160,02/11/2021 11:04:38 AM,1.197,0.073,0.024
1161,02/11/2021 11:05:38 AM,1.197,0.073,0.049
1162,02/11/2021 11:06:38 AM,1.172,0.073,0.049
1163,02/11/2021 11:07:38 AM,1.197,0.098,0.049
1164,02/11/2021 11:08:38 AM,1.197,0.073,0.024
1165,02/11/2021 11:09:38 AM,1.197,0.073,0.049
1166,02/11/2021 11:10:38 AM,1.197,0.073,0.049
1167,02/11/2021 11:11:38 AM,1.197,0.073,0.049
1168,02/11/2021 11:12:38 AM,1.197,0.073,0.024
1169,02/11/2021 11:13:38 AM,1.416,0.073,0.024
1170,02/11/2021 11:14:38 AM,1.148,0.073,0.024
1171,02/11/2021 11:15:38 AM,1.099,0.073,0.049
1172,02/11/2021 11:16:38 AM,1.074,0.073,0.024
1173,02/11/2021 11:17:38 AM,1.074,0.073,0.049
1174,02/11/2021 11:18:38 AM,1.074,0.073,0.049
1175,02/11/2021 11:19:38 AM,1.050,0.098,0.049
1176,02/11/2021 11:20:38 AM,1.050,0.049,0.049
1177,02/11/2021 11:21:38 AM,1.050,0.073,0.049
1178,02/11/2021 11:22:38 AM,1.050,0.073,0.049
1179,02/11/2021 11:23:38 AM,1.050,0.073,0.049
1180,02/11/2021 11:24:38 AM,1.026,0.073,0.049
1181,02/11/2021 11:25:38 AM,1.050,0.073,0.049
1182,02/11/2021 11:26:38 AM,1.026,0.073,0.049
1183,02/11/2021 11:27:38 AM,1.026,0.073,0.024
1184,02/11/2021 11:28:38 AM,1.026,0.073,0.024
1185,02/11/2021 11:29:38 AM,1.026,0.073,0.049
1186,02/11/2021 11:30:38 AM,1.026,0.073,0.049
1187,02/11/2021 11:31:38 AM,1.026,0.073,0.024
1188,02/11/2021 11:32:38 AM,1.001,0.073,0.049
1189,02/11/2021 11:33:38 AM,1.026,0.073,0.024
1190,02/11/2021 11:34:38 AM,1.001,0.073,0.024
1191,02/11/2021 11:35:38 AM,1.026,0.073,0.049
1192,02/11/2021 11:36:38 AM,1.001,0.073,0.049
1193,02/11/2021 11:37:38 AM,1.001,0.073,0.049
1194,02/11/2021 11:38:38 AM,1.001,0.073,0.024
1195,02/11/2021 11:39:38 AM,1.001,0.073,0.049
1196,02/11/2021 11:40:38 AM,1.001,0.073,0.049
1197,02/11/2021 11:41:38 AM,1.001,0.073,0.049
1198,02/11/2021 11:42:38 AM,1.001,0.073,0.049
1199,02/11/2021 11:43:38 AM,1.221,0.073,0.024
1200,02/11/2021 11:44:38 AM,1.001,0.073,0.024
1201,02/11/2021 11:45:38 AM,1.001,0.073,0.049
1202,02/11/2021 11:46:38 AM,1.001,0.073,0.049
1203,02/11/2021 11:47:38 AM,0.977,0.073,0.049
1204,02/11/2021 11:48:38 AM,1.001,0.073,0.049
1205,02/11/2021 11:49:38 AM,1.001,0.073,0.049
1206,02/11/2021 11:50:38 AM,0.977,0.073,0.049
1207,02/11/2021 11:51:38 AM,1.001,0.073,0.049
1208,02/11/2021 11:52:38 AM,1.099,0.073,0.049
1209,02/11/2021 11:53:38 AM,1.001,0.073,0.049
1210,02/11/2021 11:54:38 AM,0.977,0.073,0.049
1211,02/11/2021 11:55:38 AM,1.001,0.073,0.049
1212,02/11/2021 11:56:38 AM,1.001,0.073,0.049
1213,02/11/2021 11:57:38 AM,1.001,0.073,0.073
1214,02/11/2021 11:58:38 AM,1.026,0.073,0.049
1215,02/11/2021 11:59:38 AM,1.001,0.098,0.049
1216,02/11/2021 12:00:38 PM,1.026,0.073,0.049
1217,02/11/2021 12:01:38 PM,1.026,0.073,0.049
1218,02/11/2021 12:02:38 PM,1.001,0.073,0.049
1219,02/11/2021 12:03:38 PM,1.001,0.073,0.049
1220,02/11/2021 12:04:38 PM,1.001,0.073,0.049
1221,02/11/2021 12:05:38 PM,1.001,18.339,0.073
1222,02/11/2021 12:06:38 PM,1.001,18.364,0.098
1223,02/11/2021 12:07:38 PM,1.001,18.242,0.098
1224,02/11/2021 12:08:38 PM,1.001,18.413,0.073
1225,02/11/2021 12:09:38 PM,1.001,18.413,0.073
1226,02/11/2021 12:10:38 PM,1.001,18.437,0.098
1227,02/11/2021 12:11:38 PM,0.977,18.413,0.098
1228,02/11/2021 12:12:38 PM,1.001,18.413,0.098
1229,02/11/2021 12:13:38 PM,1.221,18.388,0.073
1230,02/11/2021 12:14:38 PM,1.001,18.291,0.073
1231,02/11/2021 12:15:38 PM,0.952,18.242,1.197
1232,02/11/2021 12:16:38 PM,1.026,18.242,0.073
1233,02/11/2021 12:17:38 PM,1.050,18.266,0.952
1234,02/11/2021 12:18:38 PM,1.026,0.073,0.733
1235,02/11/2021 12:19:38 PM,1.026,0.073,0.757
1236,02/11/2021 12:20:38 PM,1.026,0.098,0.733
1237,02/11/2021 12:21:38 PM,1.026,0.073,0.708
1238,02/11/2021 12:22:38 PM,1.026,0.073,0.733
1239,02/11/2021 12:23:38 PM,1.026,0.098,0.708
1240,02/11/2021 12:24:38 PM,1.026,0.098,0.708
1241,02/11/2021 12:25:38 PM,1.001,0.147,0.708
1242,02/11/2021 12:26:38 PM,0.977,0.122,0.733